,end_lat,end_long,route,start_lat,start_long
0,43.3784683,-92.9188621,0,43.3784652,-92.9228499
1,43.3747836,-92.9155219,0,43.3784683,-92.9188621
2,43.3566558,-92.8981775,0,43.3747836,-92.9155219
3,43.3566571,-92.8902039,0,43.3566558,-92.8981775
4,43.3348707,-92.8781031,0,43.3566571,-92.8902039
5,43.3348513,-92.8701625,0,43.3348707,-92.8781031
6,43.3216886,-92.8553897,0,43.3348513,-92.8701625
7,43.3207417,-92.8504372,0,43.3216886,-92.8553897
8,43.3203803,-92.850236,0,43.3207417,-92.8504372
9,43.3204708,-92.7320212,0,43.3203803,-92.850236
10,43.3232308,-92.7320409,0,43.3204708,-92.7320212
11,43.32261,-92.7270502,0,43.3232308,-92.7320409
12,43.3134239,-92.6139032,0,43.32261,-92.7270502
13,43.2989515,-92.6134876,0,43.3134239,-92.6139032
14,43.2982876,-92.5544418,0,43.2989515,-92.6134876
15,43.3000279,-92.5544343,0,43.2982876,-92.5544418
16,43.299263,-92.0806412,0,43.3000279,-92.5544343
17,43.2988262,-91.9947424,0,43.299263,-92.0806412
18,43.297388,-91.9921899,0,43.2988262,-91.9947424
19,43.298324,-91.991153,0,43.297388,-91.9921899
20,43.2976501,-91.9896537,0,43.298324,-91.991153
21,43.2984128,-91.9888585,0,43.2976501,-91.9896537
22,43.2942381,-91.9823282,0,43.2984128,-91.9888585
23,43.2929419,-91.9825375,0,43.2942381,-91.9823282
24,43.2921853,-91.9816266,0,43.2929419,-91.9825375
25,43.2034916,-91.8778518,0,43.2921853,-91.9816266
26,43.203516,-91.8774838,0,43.2034916,-91.8778518
27,43.1826965,-91.8646163,0,43.203516,-91.8774838
28,43.1616809,-91.7744066,0,43.1826965,-91.8646163
29,43.1616973,-91.7738313,0,43.1616809,-91.7744066
30,43.1513653,-91.7742857,0,43.1616973,-91.7738313
31,43.1476204,-91.766086,0,43.1513653,-91.7742857
32,43.1463163,-91.7666991,0,43.1476204,-91.766086
33,43.0878217,-91.5910605,0,43.1463163,-91.7666991
34,43.085692,-91.5854972,0,43.0878217,-91.5910605
35,43.0845583,-91.5683344,0,43.085692,-91.5854972
36,43.0825926,-91.56827,0,43.0845583,-91.5683344
37,43.0816695,-91.5626275,0,43.0825926,-91.56827
38,43.080233,-91.4843545,0,43.0816695,-91.5626275
39,43.0606825,-91.4605768,0,43.080233,-91.4843545
40,43.0551058,-91.389893,0,43.0606825,-91.4605768
41,43.0529346,-91.3898697,0,43.0551058,-91.389893
42,43.052159,-91.3848959,0,43.0529346,-91.3898697
43,43.0442635,-91.1864363,0,43.052159,-91.3848959
44,43.0484458,-91.1549411,0,43.0442635,-91.1864363
45,43.0489266,-91.140946,0,43.0484458,-91.1549411
46,43.0286537,-91.1279348,0,43.0489266,-91.140946
47,43.0180395,-91.1123381,0,43.0286537,-91.1279348
48,43.0106767,-91.0647967,0,43.0180395,-91.1123381
49,42.9545007,-90.9782043,0,43.0106767,-91.0647967
50,42.9526298,-90.97251,0,42.9545007,-90.9782043
51,42.8831108,-90.9240084,0,42.9526298,-90.97251
52,42.8434915,-90.9079694,0,42.8831108,-90.9240084
53,42.814756,-90.9100327,0,42.8434915,-90.9079694
54,42.703992,-90.7306306,0,42.814756,-90.9100327
55,42.7040256,-90.7016717,0,42.703992,-90.7306306
56,42.6965548,-90.6942885,0,42.7040256,-90.7016717
57,42.6965232,-90.6939113,0,42.6965548,-90.6942885
58,42.6211025,-90.5894643,0,42.6965232,-90.6939113
59,42.6163704,-90.585229,0,42.6211025,-90.5894643
60,42.6159892,-90.5846351,0,42.6163704,-90.585229
61,42.606236,-90.5590671,0,42.6159892,-90.5846351
62,42.5985927,-90.5340275,0,42.606236,-90.5590671
63,42.5948856,-90.5354494,0,42.5985927,-90.5340275
64,42.5948726,-90.430868,0,42.5948856,-90.5354494
65,42.595035,-90.4061824,0,42.5948726,-90.430868
66,42.572332,-90.3868649,0,42.595035,-90.4061824
67,42.5673897,-90.3777289,0,42.572332,-90.3868649
68,42.5442569,-90.3674836,0,42.5673897,-90.3777289
69,42.5117665,-90.0341423,0,42.5442569,-90.3674836
70,42.5072541,-90.01861,0,42.5117665,-90.0341423
71,42.4959711,-89.9880893,0,42.5072541,-90.01861
72,42.496055,-89.987028,0,42.4959711,-89.9880893
73,42.4886646,-89.980215,0,42.496055,-89.987028
74,42.4354876,-89.9251609,0,42.4886646,-89.980215
75,42.3863809,-89.8333712,0,42.4354876,-89.9251609
76,42.373492,-89.813656,0,42.3863809,-89.8333712
77,42.3718873,-89.8120082,0,42.373492,-89.813656
78,42.3740494,-89.6427796,0,42.3718873,-89.8120082
79,42.3742336,-89.6297754,0,42.3740494,-89.6427796
80,42.373192,-89.5380799,0,42.3742336,-89.6297754
81,42.3743763,-89.53697,0,42.373192,-89.5380799
82,42.3751747,-89.3980009,0,42.3743763,-89.53697
83,42.3768229,-89.328365,0,42.3751747,-89.3980009
84,42.2760692,-89.1002961,0,42.3768229,-89.328365
85,42.2669123,-89.0807743,0,42.2760692,-89.1002961
86,42.2664136,-89.080583,0,42.2669123,-89.0807743
87,42.2577429,-89.0480384,0,42.2664136,-89.080583
88,42.2535655,-89.03174,0,42.2577429,-89.0480384
89,42.2527193,-89.0321021,0,42.2535655,-89.03174
90,42.2527897,-89.028917,0,42.2527193,-89.0321021
91,42.2518129,-89.028917,0,42.2527897,-89.028917
92,42.2426141,-88.983133,0,42.2518129,-89.028917
93,42.2421221,-88.9759653,0,42.2426141,-88.983133
94,42.2410444,-88.9755509,0,42.2421221,-88.9759653
95,42.2389625,-88.9612389,0,42.2410444,-88.9755509
96,42.2389327,-88.9561709,0,42.2389625,-88.9612389
97,42.2364039,-88.9561449,0,42.2389327,-88.9561709
98,42.2355894,-88.9533296,0,42.2364039,-88.9561449
99,42.2346531,-88.9537695,0,42.2355894,-88.9533296
100,42.2229002,-88.9406737,0,42.2346531,-88.9537695
101,42.1221864,-88.7397221,0,42.2229002,-88.9406737
102,42.101578,-88.7059234,0,42.1221864,-88.7397221
103,42.0961462,-88.6858446,0,42.101578,-88.7059234
104,42.0887986,-88.6028703,0,42.0961462,-88.6858446
105,42.0759724,-88.5876611,0,42.0887986,-88.6028703
106,42.0696452,-88.5785606,0,42.0759724,-88.5876611
107,42.0665356,-88.5784477,0,42.0696452,-88.5785606
108,42.0665027,-88.5683654,0,42.0665356,-88.5784477
109,42.0506125,-88.5454957,0,42.0665027,-88.5683654
110,42.0201328,-88.4973554,0,42.0506125,-88.5454957
111,41.9901148,-88.4724287,0,42.0201328,-88.4973554
112,41.985101,-88.3406225,0,41.9901148,-88.4724287
113,41.9819893,-88.3276343,0,41.985101,-88.3406225
114,41.9820772,-88.3275278,0,41.9819893,-88.3276343
115,41.9755723,-88.2812256,0,41.9820772,-88.3275278
116,41.9777669,-88.2780544,0,41.9755723,-88.2812256
117,41.9777269,-88.2779952,0,41.9777669,-88.2780544
118,41.9777259,-88.2691654,0,41.9777269,-88.2779952
119,41.974124,-88.2665318,0,41.9777259,-88.2691654
120,41.974222,-88.2663026,0,41.974124,-88.2665318
121,41.9053452,-88.1906159,0,41.974222,-88.2663026
122,41.8976496,-88.1020296,0,41.9053452,-88.1906159
123,41.8904948,-88.008634,0,41.8976496,-88.1020296
124,41.8904657,-88.0061268,0,41.8904948,-88.008634
125,41.8903098,-88.0050082,0,41.8904657,-88.0061268
126,41.8871554,-87.969158,0,41.8903098,-88.0050082
127,41.885903,-87.9691388,0,41.8871554,-87.969158
128,41.8827678,-87.9188967,0,41.885903,-87.9691388
129,41.882574,-87.9188898,0,41.8827678,-87.9188967
130,41.8816759,-87.9081664,0,41.882574,-87.9188898
131,41.8799229,-87.9081557,0,41.8816759,-87.9081664
132,41.8799715,-87.9029689,0,41.8799229,-87.9081557
133,41.8774934,-87.9027262,0,41.8799715,-87.9029689
134,41.8743054,-87.9024815,0,41.8774934,-87.9027262
135,41.8739004,-87.9001197,0,41.8743054,-87.9024815
136,41.8730127,-87.8970693,0,41.8739004,-87.9001197
137,41.8726232,-87.8962419,0,41.8730127,-87.8970693
138,41.8718517,-87.8968726,0,41.8726232,-87.8962419
139,41.8702367,-87.8950318,0,41.8718517,-87.8968726
140,41.8673133,-87.8828512,0,41.8702367,-87.8950318
141,41.8342627,-87.8742273,0,41.8673133,-87.8828512
142,41.8346158,-87.8615775,0,41.8342627,-87.8742273
143,41.827696,-87.8516992,0,41.8346158,-87.8615775
144,41.8279765,-87.8320214,0,41.827696,-87.8516992
145,41.8280332,-87.8288524,0,41.8279765,-87.8320214
146,41.8281509,-87.8197514,0,41.8280332,-87.8288524
147,41.8280211,-87.819721,0,41.8281509,-87.8197514
148,41.8276401,-87.8195547,0,41.8280211,-87.819721
149,41.826651,-87.8189248,0,41.8276401,-87.8195547
150,41.8256282,-87.8152841,0,41.826651,-87.8189248
151,41.8229241,-87.8107417,0,41.8256282,-87.8152841
152,41.8228848,-87.8099556,0,41.8229241,-87.8107417
153,41.8212937,-87.8094361,0,41.8228848,-87.8099556
154,41.8220199,-87.743414,0,41.8212937,-87.8094361
155,41.79307,-87.7418659,0,41.8220199,-87.743414
156,41.7938146,-87.6839746,0,41.79307,-87.7418659
157,41.7937103,-87.6597339,0,41.7938146,-87.6839746
158,41.7777152,-87.6593114,0,41.7937103,-87.6597339
159,41.7746297,-87.6556543,0,41.7777152,-87.6593114
160,41.7746333,-87.6554114,0,41.7746297,-87.6556543
161,41.7736289,-87.6553463,0,41.7746333,-87.6554114
162,41.7723216,-87.6543184,0,41.7736289,-87.6553463
163,41.7727328,-87.6280636,0,41.7723216,-87.6543184
164,41.7729681,-87.6154902,0,41.7727328,-87.6280636
165,41.7228071,-87.5455543,0,41.7729681,-87.6154902
166,41.7229366,-87.5365297,0,41.7228071,-87.5455543
167,41.7127342,-87.5352832,0,41.7229366,-87.5365297
168,41.7026617,-87.5244607,0,41.7127342,-87.5352832
169,41.702652,-87.5245381,0,41.7026617,-87.5244607
170,41.6917877,-87.5246522,0,41.702652,-87.5245381
171,41.6917868,-87.5245496,0,41.6917877,-87.5246522
172,41.6934307,-87.514479,0,41.6917868,-87.5245496
173,41.6623749,-87.4838155,0,41.6934307,-87.514479
174,41.6611965,-87.4833254,0,41.6623749,-87.4838155
175,41.6610489,-87.473444,0,41.6611965,-87.4833254
176,41.6609791,-87.4677449,0,41.6610489,-87.473444
177,41.6496095,-87.4514714,0,41.6609791,-87.4677449
178,41.6492208,-87.4510098,0,41.6496095,-87.4514714
179,41.6492466,-87.4462402,0,41.6492208,-87.4510098
180,41.6477383,-87.4462195,0,41.6492466,-87.4462402
181,41.6477554,-87.443011,0,41.6477383,-87.4462195
182,41.64074,-87.4328923,0,41.6477554,-87.443011
183,41.6368776,-87.4328241,0,41.64074,-87.4328923
184,41.6364527,-87.4322073,0,41.6368776,-87.4328241
185,41.6053154,-87.3925381,0,41.6364527,-87.4322073
186,41.6021386,-87.3245789,0,41.6053154,-87.3925381
187,41.5952456,-87.2828492,0,41.6021386,-87.3245789
188,41.5977608,-87.269605,0,41.5952456,-87.2828492
189,41.617931,-87.1811359,0,41.5977608,-87.269605
190,41.6825575,-86.962617,0,41.617931,-87.1811359
191,41.6951419,-86.9334968,0,41.6825575,-86.962617
192,41.7015205,-86.9141078,0,41.6951419,-86.9334968
193,41.7028884,-86.9140777,0,41.7015205,-86.9141078
194,41.7086172,-86.9089266,0,41.7028884,-86.9140777
195,41.7129587,-86.8864958,0,41.7086172,-86.9089266
196,41.6958674,-86.8184138,0,41.7129587,-86.8864958
197,41.6712166,-86.6029088,0,41.6958674,-86.8184138
198,41.6729741,-86.589024,0,41.6712166,-86.6029088
199,41.6717932,-86.322125,0,41.6729741,-86.589024
200,41.672567,-86.2461526,0,41.6717932,-86.322125
201,41.6719654,-86.2458959,0,41.672567,-86.2461526
202,41.671026,-86.2446058,0,41.6719654,-86.2458959
203,41.6705259,-86.242423,0,41.671026,-86.2446058
204,41.6576999,-86.2161276,0,41.6705259,-86.242423
205,41.6631382,-86.0706535,0,41.6576999,-86.2161276
206,41.6622752,-86.0706848,0,41.6631382,-86.0706535
207,41.6626643,-86.0611164,0,41.6622752,-86.0706848
208,41.6484559,-85.9570859,0,41.6626643,-86.0611164
209,41.6384584,-85.9301795,0,41.6484559,-85.9570859
210,41.6376934,-85.9239204,0,41.6384584,-85.9301795
211,41.6267282,-85.9066872,0,41.6376934,-85.9239204
212,41.6273285,-85.9059057,0,41.6267282,-85.9066872
213,41.6096083,-85.8761132,0,41.6273285,-85.9059057
214,41.5972101,-85.8483639,0,41.6096083,-85.8761132
215,41.5971583,-85.8483637,0,41.5972101,-85.8483639
216,41.5917989,-85.8346228,0,41.5971583,-85.8483637
217,41.5870384,-85.8264759,0,41.5917989,-85.8346228
218,41.586526,-85.8212415,0,41.5870384,-85.8264759
219,41.5807111,-85.8121377,0,41.586526,-85.8212415
220,41.5807413,-85.8043346,0,41.5807111,-85.8121377
221,41.581515,-85.6559029,0,41.5807413,-85.8043346
222,41.5863609,-85.610489,0,41.581515,-85.6559029
223,41.586099,-85.60965,0,41.5863609,-85.610489
224,41.5820747,-85.6036483,0,41.586099,-85.60965
225,41.5829598,-85.5402683,0,41.5820747,-85.6036483
226,41.5827837,-85.5402599,0,41.5829598,-85.5402683
227,41.5833684,-85.4817363,0,41.5827837,-85.5402599
228,41.5761022,-85.4816751,0,41.5833684,-85.4817363
229,41.5763878,-85.4239416,0,41.5761022,-85.4816751
230,41.5741229,-85.3279506,0,41.5763878,-85.4239416
231,41.5845426,-85.3090879,0,41.5741229,-85.3279506
232,41.5852504,-85.3090773,0,41.5845426,-85.3090879
233,41.5812361,-85.2255606,0,41.5852504,-85.3090773
234,41.5811872,-85.199204,0,41.5812361,-85.2255606
235,41.579948,-85.1992205,0,41.5811872,-85.199204
236,41.5799092,-85.1944515,0,41.579948,-85.1992205
237,41.5739276,-85.1942259,0,41.5799092,-85.1944515
238,41.5739401,-85.1792165,0,41.5739276,-85.1942259
239,41.5753746,-85.0161408,0,41.5739401,-85.1792165
240,41.5733863,-85.0066005,0,41.5753746,-85.0161408
241,41.5704311,-84.9979956,0,41.5733863,-85.0066005
242,41.5735841,-84.8270152,0,41.5704311,-84.9979956
243,41.5690989,-84.8268517,0,41.5735841,-84.8270152
244,41.570758,-84.8051837,0,41.5690989,-84.8268517
245,41.5718393,-84.632391,0,41.570758,-84.8051837
246,41.5714222,-84.632052,0,41.5718393,-84.632391
247,41.5718915,-84.6203091,0,41.5714222,-84.632052
248,41.5720072,-84.5939402,0,41.5718915,-84.6203091
249,41.5719825,-84.4475962,0,41.5720072,-84.5939402
250,41.5719702,-84.3809361,0,41.5719825,-84.4475962
251,41.572336,-84.3158562,0,41.5719702,-84.3809361
252,41.5723629,-84.2826747,0,41.572336,-84.3158562
253,41.5552092,-84.1521894,0,41.5723629,-84.2826747
254,41.5552522,-84.1443229,0,41.5552092,-84.1521894
255,41.5564405,-83.8309042,0,41.5552522,-84.1443229
256,41.5566782,-83.7372616,0,41.5564405,-83.8309042
257,41.5587729,-83.7357239,0,41.5566782,-83.7372616
258,41.5587898,-83.7029205,0,41.5587729,-83.7357239
259,41.55796,-83.6743599,0,41.5587898,-83.7029205
260,41.5587189,-83.672681,0,41.55796,-83.6743599
261,41.558827,-83.6637339,0,41.5587189,-83.672681
262,41.557898,-83.6632186,0,41.558827,-83.6637339
263,41.560737,-83.6538949,0,41.557898,-83.6632186
264,41.5609877,-83.6529448,0,41.560737,-83.6538949
265,41.5563739,-83.6488032,0,41.5609877,-83.6529448
266,41.5560333,-83.6418046,0,41.5563739,-83.6488032
267,41.560423,-83.63002,0,41.5560333,-83.6418046
268,41.557113,-83.627833,0,41.560423,-83.63002
269,41.5586829,-83.6235984,0,41.557113,-83.627833
270,41.5581138,-83.6229531,0,41.5586829,-83.6235984
271,41.5539086,-83.6125414,0,41.5581138,-83.6229531
272,41.5506842,-83.6042488,0,41.5539086,-83.6125414
273,41.5287866,-83.5518517,0,41.5506842,-83.6042488
274,41.4933777,-83.4678698,0,41.5287866,-83.5518517
275,41.4462985,-83.3528811,0,41.4933777,-83.4678698
276,41.369444,-83.1666272,0,41.4462985,-83.3528811
277,41.3509848,-83.1224638,0,41.369444,-83.1666272
278,41.3383951,-83.0800253,0,41.3509848,-83.1224638
279,41.332634,-83.0588246,0,41.3383951,-83.0800253
280,41.3084419,-82.9695021,0,41.332634,-83.0588246
281,41.2674431,-82.8130758,0,41.3084419,-82.9695021
282,41.2669243,-82.8130394,0,41.2674431,-82.8130758
283,41.2391185,-82.693762,0,41.2669243,-82.8130394
284,41.2394447,-82.6937742,0,41.2391185,-82.693762
285,41.2439162,-82.6217904,0,41.2394447,-82.6937742
286,41.243901,-82.6217745,0,41.2439162,-82.6217904
287,41.2440027,-82.620627,0,41.243901,-82.6217745
288,41.2445491,-82.6173653,0,41.2440027,-82.620627
289,41.2442895,-82.6171466,0,41.2445491,-82.6173653
290,41.2447729,-82.6149457,0,41.2442895,-82.6171466
291,41.2432583,-82.6136499,0,41.2447729,-82.6149457
292,41.2477653,-82.6041244,0,41.2432583,-82.6136499
293,41.2496423,-82.5755843,0,41.2477653,-82.6041244
294,41.2475241,-82.4102776,0,41.2496423,-82.5755843
295,41.2368427,-82.2184854,0,41.2475241,-82.4102776
296,41.2373119,-82.120049,0,41.2368427,-82.2184854
297,41.2368404,-82.0230612,0,41.2373119,-82.120049
298,41.2376681,-82.0230315,0,41.2368404,-82.0230612
299,41.237592,-81.9238749,0,41.2376681,-82.0230315
300,41.2379202,-81.8720418,0,41.237592,-81.9238749
301,41.2397834,-81.6392751,0,41.2379202,-81.8720418
302,41.2328574,-81.4847679,0,41.2397834,-81.6392751
303,41.2397179,-81.3721206,0,41.2328574,-81.4847679
304,41.239485,-81.3566211,0,41.2397179,-81.3721206
305,41.2397971,-81.3493381,0,41.239485,-81.3566211
306,41.2392368,-81.3419451,0,41.2397971,-81.3493381
307,41.2420025,-81.2991281,0,41.2392368,-81.3419451
308,41.2376309,-80.979013,0,41.2420025,-81.2991281
309,41.2309849,-80.9029895,0,41.2376309,-80.979013
310,41.237095,-80.8805534,0,41.2309849,-80.9029895
311,41.2390059,-80.880611,0,41.237095,-80.8805534
312,41.2340085,-80.8264218,0,41.2390059,-80.880611
313,41.237048,-80.7679914,0,41.2340085,-80.8264218
314,41.2372728,-80.7633736,0,41.237048,-80.7679914
315,41.2372763,-80.7617508,0,41.2372728,-80.7633736
316,41.2377257,-80.7083011,0,41.2372763,-80.7617508
317,41.2327599,-80.519092,0,41.2377257,-80.7083011
318,41.2371899,-80.3605028,0,41.2327599,-80.519092
319,41.2343435,-80.3163713,0,41.2371899,-80.3605028
320,41.2256098,-80.2690852,0,41.2343435,-80.3163713
321,41.2260345,-80.2653373,0,41.2256098,-80.2690852
322,41.2268946,-80.2399596,0,41.2260345,-80.2653373
323,41.2272577,-80.2399741,0,41.2268946,-80.2399596
324,41.2272656,-80.2378773,0,41.2272577,-80.2399741
325,41.2269089,-80.2378724,0,41.2272656,-80.2378773
326,41.2256943,-80.2196862,0,41.2269089,-80.2378724
327,41.2310957,-79.9577641,0,41.2256943,-80.2196862
328,41.2323627,-79.956401,0,41.2310957,-79.9577641
329,41.2296796,-79.9536079,0,41.2323627,-79.956401
330,41.2438074,-79.8972433,0,41.2296796,-79.9536079
331,41.2398042,-79.8964328,0,41.2438074,-79.8972433
332,41.2382474,-79.8551171,0,41.2398042,-79.8964328
333,41.2773683,-79.7485595,0,41.2382474,-79.8551171
334,41.2775704,-79.6786136,0,41.2773683,-79.7485595
335,41.2779432,-79.6586696,0,41.2775704,-79.6786136
336,41.2753472,-79.6600951,0,41.2779432,-79.6586696
337,41.2761138,-79.6488312,0,41.2753472,-79.6600951
338,41.2752218,-79.6487818,0,41.2761138,-79.6488312
339,41.2751709,-79.6467612,0,41.2752218,-79.6487818
340,41.2771741,-79.6220988,0,41.2751709,-79.6467612
341,41.2783787,-79.6217249,0,41.2771741,-79.6220988
342,41.2824169,-79.6110049,0,41.2783787,-79.6217249
343,41.2800912,-79.6053934,0,41.2824169,-79.6110049
344,41.279883,-79.6045989,0,41.2800912,-79.6053934
345,41.269821,-79.5807193,0,41.279883,-79.6045989
346,41.2716196,-79.5692058,0,41.269821,-79.5807193
347,41.276997,-79.5510656,0,41.2716196,-79.5692058
348,41.2507593,-79.4611743,0,41.276997,-79.5510656
349,41.2428378,-79.426807,0,41.2507593,-79.4611743
350,41.2175613,-79.3927078,0,41.2428378,-79.426807
351,41.116262,-78.9197873,0,41.2175613,-79.3927078
352,41.1024969,-78.9018434,0,41.116262,-78.9197873
353,41.1022854,-78.9010021,0,41.1024969,-78.9018434
354,41.1020561,-78.8993547,0,41.1022854,-78.9010021
355,41.0790155,-78.7609479,0,41.1020561,-78.8993547
356,41.0721169,-78.7417823,0,41.0790155,-78.7609479
357,41.0768042,-78.7350365,0,41.0721169,-78.7417823
358,41.0767032,-78.7233889,0,41.0768042,-78.7350365
359,41.0692851,-78.7127273,0,41.0767032,-78.7233889
360,41.0703024,-78.7112456,0,41.0692851,-78.7127273
361,41.074509,-78.6981308,0,41.0703024,-78.7112456
362,41.078152,-78.68409,0,41.074509,-78.6981308
363,41.0776255,-78.6802762,0,41.078152,-78.68409
364,41.0777348,-78.6802382,0,41.0776255,-78.6802762
365,41.0757316,-78.6547105,0,41.0777348,-78.6802382
366,41.075623,-78.530126,0,41.0757316,-78.6547105
367,41.0272722,-78.4398578,0,41.075623,-78.530126
368,41.0267305,-78.4385849,0,41.0272722,-78.4398578
369,41.0264343,-78.4362329,0,41.0267305,-78.4385849
370,41.025547,-78.435068,0,41.0264343,-78.4362329
371,41.02552,-78.434959,0,41.025547,-78.435068
372,41.024414,-78.434578,0,41.02552,-78.434959
373,41.024456,-78.431709,0,41.024414,-78.434578
374,41.024409,-78.418532,0,41.024456,-78.431709
375,41.0243352,-78.4175457,0,41.024409,-78.418532
376,40.9980823,-78.3690002,0,41.0243352,-78.4175457
377,40.998264,-78.364182,0,40.9980823,-78.3690002
378,40.995785,-78.347099,0,40.998264,-78.364182
379,40.986324,-78.311333,0,40.995785,-78.347099
380,40.9843676,-78.302204,0,40.986324,-78.311333
381,40.98233,-78.29184,0,40.9843676,-78.302204
382,40.9708471,-78.2366064,0,40.98233,-78.29184
383,40.9566011,-78.1797536,0,40.9708471,-78.2366064
384,40.954647,-78.1716309,0,40.9566011,-78.1797536
385,40.947134,-78.1385239,0,40.954647,-78.1716309
386,40.942552,-78.124856,0,40.947134,-78.1385239
387,40.9148174,-78.0608362,0,40.942552,-78.124856
388,40.9072556,-77.8754611,0,40.9148174,-78.0608362
389,40.9383435,-77.8042527,0,40.9072556,-77.8754611
390,40.9402311,-77.8007781,0,40.9383435,-77.8042527
391,40.9485078,-77.7939177,0,40.9402311,-77.8007781
392,40.9487464,-77.7919228,0,40.9485078,-77.7939177
393,40.9474249,-77.7902269,0,40.9487464,-77.7919228
394,40.9239492,-77.7797633,0,40.9474249,-77.7902269
395,40.9107571,-77.7774157,0,40.9239492,-77.7797633
396,40.9118094,-77.772433,0,40.9107571,-77.7774157
397,40.8903035,-77.745325,0,40.9118094,-77.772433
398,40.8857845,-77.7410658,0,40.8903035,-77.745325
399,40.8650716,-77.7343762,0,40.8857845,-77.7410658
400,40.8367604,-77.6745036,0,40.8650716,-77.7343762
401,40.8352089,-77.6724431,0,40.8367604,-77.6745036
402,40.9141096,-77.0565865,0,40.8352089,-77.6724431
403,40.915657,-77.0567295,0,40.9141096,-77.0565865
404,40.9605044,-76.896403,0,40.915657,-77.0567295
405,40.9604969,-76.8959309,0,40.9605044,-76.896403
406,40.9602501,-76.8958529,0,40.9604969,-76.8959309
407,40.9604507,-76.8922009,0,40.9602501,-76.8958529
408,40.9602856,-76.8921845,0,40.9604507,-76.8922009
409,40.9757043,-76.7377694,0,40.9602856,-76.8921845
410,40.9852677,-76.6972648,0,40.9757043,-76.7377694
411,40.9860566,-76.6321544,0,40.9852677,-76.6972648
412,40.9823343,-76.627978,0,40.9860566,-76.6321544
413,40.9837571,-76.6262665,0,40.9823343,-76.627978
414,40.99804,-76.5949268,0,40.9837571,-76.6262665
415,41.00054,-76.488895,0,40.99804,-76.5949268
416,40.995443,-76.4739428,0,41.00054,-76.488895
417,40.9983443,-76.4719083,0,40.995443,-76.4739428
418,41.0034566,-76.4636618,0,40.9983443,-76.4719083
419,41.002706,-76.4630728,0,41.0034566,-76.4636618
420,41.0015353,-76.4624882,0,41.002706,-76.4630728
421,41.0018699,-76.4613522,0,41.0015353,-76.4624882
422,41.0012567,-76.4608803,0,41.0018699,-76.4613522
423,41.0044369,-76.4537257,0,41.0012567,-76.4608803
424,41.0013021,-76.4479733,0,41.0044369,-76.4537257
425,41.0547686,-76.2336103,0,41.0013021,-76.4479733
426,41.0237727,-76.0790524,0,41.0547686,-76.2336103
427,41.0281507,-76.0060381,0,41.0237727,-76.0790524
428,41.0180769,-75.9946155,0,41.0281507,-76.0060381
429,41.0161812,-75.9054732,0,41.0180769,-75.9946155
430,41.0189058,-75.8808845,0,41.0161812,-75.9054732
431,41.0196225,-75.8796585,0,41.0189058,-75.8808845
432,41.0288756,-75.7918293,0,41.0196225,-75.8796585
433,41.0308147,-75.7777509,0,41.0288756,-75.7918293
434,41.0388348,-75.7593999,0,41.0308147,-75.7777509
435,41.0386706,-75.7589259,0,41.0388348,-75.7593999
436,40.9675099,-75.5119208,0,41.0386706,-75.7589259
437,40.9660768,-75.4678719,0,40.9675099,-75.5119208
438,40.9455248,-75.4421125,0,40.9660768,-75.4678719
439,40.9233697,-75.397558,0,40.9455248,-75.4421125
440,40.922258,-75.3592544,0,40.9233697,-75.397558
441,40.9026265,-75.3364958,0,40.922258,-75.3592544
442,40.8956579,-75.3233369,0,40.9026265,-75.3364958
443,40.8936523,-75.3163813,0,40.8956579,-75.3233369
444,40.8925219,-75.3147636,0,40.8936523,-75.3163813
445,40.8612724,-75.2942674,0,40.8925219,-75.3147636
446,40.8560562,-75.2916475,0,40.8612724,-75.2942674
447,40.848523,-75.2808419,0,40.8560562,-75.2916475
448,40.8456893,-75.2734153,0,40.848523,-75.2808419
449,40.8438614,-75.2495118,0,40.8456893,-75.2734153
450,40.8384962,-75.2458793,0,40.8438614,-75.2495118
451,40.8395038,-75.2196928,0,40.8384962,-75.2458793
452,40.8406187,-75.2138327,0,40.8395038,-75.2196928
453,40.8444722,-75.201864,0,40.8406187,-75.2138327
454,40.844102,-75.2010797,0,40.8444722,-75.201864
455,40.8439909,-75.188788,0,40.844102,-75.2010797
456,40.8405985,-75.1852378,0,40.8439909,-75.188788
457,40.8433228,-75.161574,0,40.8405985,-75.1852378
458,40.842888,-75.160955,0,40.8433228,-75.161574
459,40.8357697,-75.14422,0,40.842888,-75.160955
460,40.8365666,-75.1437573,0,40.8357697,-75.14422
461,40.8372137,-75.1350434,0,40.8365666,-75.1437573
462,40.8421371,-75.1226792,0,40.8372137,-75.1350434
463,40.84827,-75.1169257,0,40.8421371,-75.1226792
464,40.8282319,-75.086156,0,40.84827,-75.1169257
465,40.8288335,-75.0846541,0,40.8282319,-75.086156
466,40.8300761,-75.0760418,0,40.8288335,-75.0846541
467,40.8285524,-75.0757107,0,40.8300761,-75.0760418
468,40.8233132,-75.0624316,0,40.8285524,-75.0757107
469,40.8230846,-75.0573964,0,40.8233132,-75.0624316
470,40.8322265,-74.999144,0,40.8230846,-75.0573964
471,40.8515157,-74.9335957,0,40.8322265,-74.999144
472,40.8510868,-74.934278,0,40.8515157,-74.9335957
473,40.8583564,-74.8968534,0,40.8510868,-74.934278
474,40.857864,-74.8948002,0,40.8583564,-74.8968534
475,40.8532976,-74.8887806,0,40.857864,-74.8948002
476,40.8602953,-74.8724739,0,40.8532976,-74.8887806
477,40.8489048,-74.824023,0,40.8602953,-74.8724739
478,40.848211,-74.8195465,0,40.8489048,-74.824023
479,40.848248,-74.813316,0,40.848211,-74.8195465
480,40.8495523,-74.8013235,0,40.848248,-74.813316
481,40.8665368,-74.743018,0,40.8495523,-74.8013235
482,40.8643419,-74.7416805,0,40.8665368,-74.743018
483,40.8655057,-74.7360288,0,40.8643419,-74.7416805
484,40.8662721,-74.7343908,0,40.8655057,-74.7360288
485,40.8627893,-74.7072552,0,40.8662721,-74.7343908
486,40.8634412,-74.7066963,0,40.8627893,-74.7072552
487,40.8678464,-74.6953829,0,40.8634412,-74.7066963
488,40.8736759,-74.6845445,0,40.8678464,-74.6953829
489,40.8777409,-74.6779339,0,40.8736759,-74.6845445
490,40.8800408,-74.6565237,0,40.8777409,-74.6779339
491,40.8808837,-74.6554612,0,40.8800408,-74.6565237
492,40.879829,-74.6540327,0,40.8808837,-74.6554612
493,40.880608,-74.6530412,0,40.879829,-74.6540327
494,40.8789846,-74.651055,0,40.880608,-74.6530412
495,40.8911857,-74.5147972,0,40.8789846,-74.651055
496,40.858609,-74.340733,0,40.8911857,-74.5147972
497,40.8585003,-74.3405077,0,40.858609,-74.340733
498,40.8794351,-74.1510894,0,40.8585003,-74.3405077
499,40.881274,-74.1409235,0,40.8794351,-74.1510894
500,40.8807243,-74.1405334,0,40.881274,-74.1409235
501,40.8830855,-74.1290469,0,40.8807243,-74.1405334
502,40.8798672,-74.1255641,0,40.8830855,-74.1290469
503,40.8787271,-74.1233054,0,40.8798672,-74.1255641
504,40.8889196,-74.0810511,0,40.8787271,-74.1233054
505,40.8950526,-74.0785345,0,40.8889196,-74.0810511
506,40.8939689,-74.0761342,0,40.8950526,-74.0785345
507,40.878357,-74.0448944,0,40.8939689,-74.0761342
508,40.8788008,-74.0444954,0,40.878357,-74.0448944
509,40.8772512,-74.0340906,0,40.8788008,-74.0444954
510,40.8708029,-74.01505,0,40.8772512,-74.0340906
511,40.8725788,-74.013871,0,40.8708029,-74.01505
512,40.8658007,-73.9964784,0,40.8725788,-74.013871
513,40.8587168,-73.9813428,0,40.8658007,-73.9964784
514,40.8538446,-73.9750208,0,40.8587168,-73.9813428
515,40.856113,-73.9726503,0,40.8538446,-73.9750208
516,40.8525597,-73.9640406,0,40.856113,-73.9726503
517,40.8535178,-73.9636978,0,40.8525597,-73.9640406
518,40.8489849,-73.9411081,0,40.8535178,-73.9636978
519,40.8490099,-73.9410924,0,40.8489849,-73.9411081
520,40.8484282,-73.9376987,0,40.8490099,-73.9410924
521,40.8589237,-73.9314866,0,40.8484282,-73.9376987
522,40.8635133,-73.9197882,0,40.8589237,-73.9314866
523,40.8644809,-73.9189352,0,40.8635133,-73.9197882
524,40.8629564,-73.9153146,0,40.8644809,-73.9189352
525,40.861927,-73.9129619,0,40.8629564,-73.9153146
526,40.861853,-73.8924082,0,40.861927,-73.9129619
527,40.8617455,-73.8913339,0,40.861853,-73.8924082
528,40.8710813,-73.8767899,0,40.8617455,-73.8913339
529,40.8703616,-73.8760409,0,40.8710813,-73.8767899
530,40.8708051,-73.8709753,0,40.8703616,-73.8760409
531,40.8712326,-73.8560794,0,40.8708051,-73.8709753
532,40.8901698,-73.8195635,0,40.8712326,-73.8560794
533,40.9050925,-73.7873964,0,40.8901698,-73.8195635
534,40.9933139,-73.6756305,0,40.9050925,-73.7873964
535,40.9978221,-73.6653934,0,40.9933139,-73.6756305
536,41.0414805,-73.5803925,0,40.9978221,-73.6653934
537,41.0455957,-73.5712283,0,41.0414805,-73.5803925
538,41.1097942,-73.4197009,0,41.0455957,-73.5712283
539,41.110024,-73.4180117,0,41.1097942,-73.4197009
540,41.1161492,-73.4148576,0,41.110024,-73.4180117
541,41.1185088,-73.4112333,0,41.1161492,-73.4148576
542,41.1216287,-73.4102508,0,41.1185088,-73.4112333
543,41.1213285,-73.4068362,0,41.1216287,-73.4102508
544,41.1286165,-73.3811081,0,41.1213285,-73.4068362
545,41.1479339,-73.2472913,0,41.1286165,-73.3811081
546,41.149654,-73.2430028,0,41.1479339,-73.2472913
547,41.1555862,-73.2409036,0,41.149654,-73.2430028
548,41.1562476,-73.2411571,0,41.1555862,-73.2409036
549,41.1624178,-73.2358825,0,41.1562476,-73.2411571
550,41.1679313,-73.2197155,0,41.1624178,-73.2358825
551,41.1682655,-73.2156104,0,41.1679313,-73.2197155
552,41.17961,-73.1874601,0,41.1682655,-73.2156104
553,41.1774284,-73.1733371,0,41.17961,-73.1874601
554,41.1838671,-73.1542015,0,41.1774284,-73.1733371
555,41.1867929,-73.1278284,0,41.1838671,-73.1542015
556,41.2006308,-73.1128397,0,41.1867929,-73.1278284
557,41.200304,-73.1105939,0,41.2006308,-73.1128397
558,41.218983,-73.062998,0,41.200304,-73.1105939
559,41.2223652,-73.0566868,0,41.218983,-73.062998
560,41.2263028,-73.0565106,0,41.2223652,-73.0566868
561,41.2321555,-73.0447383,0,41.2263028,-73.0565106
562,41.2323605,-73.0444448,0,41.2321555,-73.0447383
563,41.2974766,-72.9488685,0,41.2323605,-73.0444448
564,41.2974993,-72.9478849,0,41.2974766,-72.9488685
565,41.2979091,-72.9476747,0,41.2974993,-72.9478849
566,41.3022087,-72.9324074,0,41.2979091,-72.9476747
567,41.3073649,-72.928623,0,41.3022087,-72.9324074
568,41.3073222,-72.9284558,0,41.3073649,-72.928623
569,41.3083735,-72.9257002,0,41.3073222,-72.9284558
570,41.3139327,-72.9215615,0,41.3083735,-72.9257002
571,41.3355154,-72.9114273,0,41.3139327,-72.9215615
572,43.3784683,-92.9188621,1,43.3784652,-92.9228499
573,43.3747836,-92.9155219,1,43.3784683,-92.9188621
574,43.3566558,-92.8981775,1,43.3747836,-92.9155219
575,43.3566571,-92.8902039,1,43.3566558,-92.8981775
576,43.3348707,-92.8781031,1,43.3566571,-92.8902039
577,43.3348513,-92.8701625,1,43.3348707,-92.8781031
578,43.3216886,-92.8553897,1,43.3348513,-92.8701625
579,43.3207417,-92.8504372,1,43.3216886,-92.8553897
580,43.3203803,-92.850236,1,43.3207417,-92.8504372
581,43.3204708,-92.7320212,1,43.3203803,-92.850236
582,43.3232308,-92.7320409,1,43.3204708,-92.7320212
583,43.32261,-92.7270502,1,43.3232308,-92.7320409
584,43.3134239,-92.6139032,1,43.32261,-92.7270502
585,43.2989515,-92.6134876,1,43.3134239,-92.6139032
586,43.2982876,-92.5544418,1,43.2989515,-92.6134876
587,43.3000279,-92.5544343,1,43.2982876,-92.5544418
588,43.299263,-92.0806412,1,43.3000279,-92.5544343
589,43.2988262,-91.9947424,1,43.299263,-92.0806412
590,43.297388,-91.9921899,1,43.2988262,-91.9947424
591,43.298324,-91.991153,1,43.297388,-91.9921899
592,43.2976501,-91.9896537,1,43.298324,-91.991153
593,43.2984128,-91.9888585,1,43.2976501,-91.9896537
594,43.2942381,-91.9823282,1,43.2984128,-91.9888585
595,43.2929419,-91.9825375,1,43.2942381,-91.9823282
596,43.2921853,-91.9816266,1,43.2929419,-91.9825375
597,43.2034916,-91.8778518,1,43.2921853,-91.9816266
598,43.203516,-91.8774838,1,43.2034916,-91.8778518
599,43.1826965,-91.8646163,1,43.203516,-91.8774838
600,43.1616809,-91.7744066,1,43.1826965,-91.8646163
601,43.1616973,-91.7738313,1,43.1616809,-91.7744066
602,43.1513653,-91.7742857,1,43.1616973,-91.7738313
603,43.1476204,-91.766086,1,43.1513653,-91.7742857
604,43.1463163,-91.7666991,1,43.1476204,-91.766086
605,43.0878217,-91.5910605,1,43.1463163,-91.7666991
606,43.085692,-91.5854972,1,43.0878217,-91.5910605
607,43.0845583,-91.5683344,1,43.085692,-91.5854972
608,43.0825926,-91.56827,1,43.0845583,-91.5683344
609,43.0816695,-91.5626275,1,43.0825926,-91.56827
610,43.080233,-91.4843545,1,43.0816695,-91.5626275
611,43.0606825,-91.4605768,1,43.080233,-91.4843545
612,43.0551058,-91.389893,1,43.0606825,-91.4605768
613,43.0529346,-91.3898697,1,43.0551058,-91.389893
614,43.052159,-91.3848959,1,43.0529346,-91.3898697
615,43.0442635,-91.1864363,1,43.052159,-91.3848959
616,43.0484458,-91.1549411,1,43.0442635,-91.1864363
617,43.0489266,-91.140946,1,43.0484458,-91.1549411
618,43.0286537,-91.1279348,1,43.0489266,-91.140946
619,43.0180395,-91.1123381,1,43.0286537,-91.1279348
620,43.0106767,-91.0647967,1,43.0180395,-91.1123381
621,42.9545007,-90.9782043,1,43.0106767,-91.0647967
622,42.9526298,-90.97251,1,42.9545007,-90.9782043
623,42.8831108,-90.9240084,1,42.9526298,-90.97251
624,42.8434915,-90.9079694,1,42.8831108,-90.9240084
625,42.814756,-90.9100327,1,42.8434915,-90.9079694
626,42.703992,-90.7306306,1,42.814756,-90.9100327
627,42.7040256,-90.7016717,1,42.703992,-90.7306306
628,42.6965548,-90.6942885,1,42.7040256,-90.7016717
629,42.6965232,-90.6939113,1,42.6965548,-90.6942885
630,42.6211025,-90.5894643,1,42.6965232,-90.6939113
631,42.6163704,-90.585229,1,42.6211025,-90.5894643
632,42.6159892,-90.5846351,1,42.6163704,-90.585229
633,42.606236,-90.5590671,1,42.6159892,-90.5846351
634,42.5985927,-90.5340275,1,42.606236,-90.5590671
635,42.5948856,-90.5354494,1,42.5985927,-90.5340275
636,42.5948726,-90.430868,1,42.5948856,-90.5354494
637,42.595035,-90.4061824,1,42.5948726,-90.430868
638,42.572332,-90.3868649,1,42.595035,-90.4061824
639,42.5673897,-90.3777289,1,42.572332,-90.3868649
640,42.5442569,-90.3674836,1,42.5673897,-90.3777289
641,42.5117665,-90.0341423,1,42.5442569,-90.3674836
642,42.5072541,-90.01861,1,42.5117665,-90.0341423
643,42.4959711,-89.9880893,1,42.5072541,-90.01861
644,42.496055,-89.987028,1,42.4959711,-89.9880893
645,42.4886646,-89.980215,1,42.496055,-89.987028
646,42.4354876,-89.9251609,1,42.4886646,-89.980215
647,42.3863809,-89.8333712,1,42.4354876,-89.9251609
648,42.373492,-89.813656,1,42.3863809,-89.8333712
649,42.3718873,-89.8120082,1,42.373492,-89.813656
650,42.3740494,-89.6427796,1,42.3718873,-89.8120082
651,42.3742336,-89.6297754,1,42.3740494,-89.6427796
652,42.373192,-89.5380799,1,42.3742336,-89.6297754
653,42.3743763,-89.53697,1,42.373192,-89.5380799
654,42.3751747,-89.3980009,1,42.3743763,-89.53697
655,42.3768229,-89.328365,1,42.3751747,-89.3980009
656,42.2760692,-89.1002961,1,42.3768229,-89.328365
657,42.2669123,-89.0807743,1,42.2760692,-89.1002961
658,42.2664136,-89.080583,1,42.2669123,-89.0807743
659,42.2577429,-89.0480384,1,42.2664136,-89.080583
660,42.2535655,-89.03174,1,42.2577429,-89.0480384
661,42.2527193,-89.0321021,1,42.2535655,-89.03174
662,42.2527897,-89.028917,1,42.2527193,-89.0321021
663,42.2518129,-89.028917,1,42.2527897,-89.028917
664,42.2426141,-88.983133,1,42.2518129,-89.028917
665,42.2421221,-88.9759653,1,42.2426141,-88.983133
666,42.2410444,-88.9755509,1,42.2421221,-88.9759653
667,42.2389625,-88.9612389,1,42.2410444,-88.9755509
668,42.2389327,-88.9561709,1,42.2389625,-88.9612389
669,42.2364039,-88.9561449,1,42.2389327,-88.9561709
670,42.2355894,-88.9533296,1,42.2364039,-88.9561449
671,42.2346531,-88.9537695,1,42.2355894,-88.9533296
672,42.2229002,-88.9406737,1,42.2346531,-88.9537695
673,42.1221864,-88.7397221,1,42.2229002,-88.9406737
674,42.101578,-88.7059234,1,42.1221864,-88.7397221
675,42.0961462,-88.6858446,1,42.101578,-88.7059234
676,42.0887986,-88.6028703,1,42.0961462,-88.6858446
677,42.0759724,-88.5876611,1,42.0887986,-88.6028703
678,42.0696452,-88.5785606,1,42.0759724,-88.5876611
679,42.0665356,-88.5784477,1,42.0696452,-88.5785606
680,42.0665027,-88.5683654,1,42.0665356,-88.5784477
681,42.0506125,-88.5454957,1,42.0665027,-88.5683654
682,42.0201328,-88.4973554,1,42.0506125,-88.5454957
683,41.9901148,-88.4724287,1,42.0201328,-88.4973554
684,41.985101,-88.3406225,1,41.9901148,-88.4724287
685,41.9819893,-88.3276343,1,41.985101,-88.3406225
686,41.9820772,-88.3275278,1,41.9819893,-88.3276343
687,41.9755723,-88.2812256,1,41.9820772,-88.3275278
688,41.9777669,-88.2780544,1,41.9755723,-88.2812256
689,41.9777269,-88.2779952,1,41.9777669,-88.2780544
690,41.9777259,-88.2691654,1,41.9777269,-88.2779952
691,41.974124,-88.2665318,1,41.9777259,-88.2691654
692,41.974222,-88.2663026,1,41.974124,-88.2665318
693,41.9053452,-88.1906159,1,41.974222,-88.2663026
694,41.8976496,-88.1020296,1,41.9053452,-88.1906159
695,41.8904948,-88.008634,1,41.8976496,-88.1020296
696,41.8904657,-88.0061268,1,41.8904948,-88.008634
697,41.8903098,-88.0050082,1,41.8904657,-88.0061268
698,41.8871554,-87.969158,1,41.8903098,-88.0050082
699,41.885903,-87.9691388,1,41.8871554,-87.969158
700,41.8827678,-87.9188967,1,41.885903,-87.9691388
701,41.882574,-87.9188898,1,41.8827678,-87.9188967
702,41.8816759,-87.9081664,1,41.882574,-87.9188898
703,41.8799229,-87.9081557,1,41.8816759,-87.9081664
704,41.8799715,-87.9029689,1,41.8799229,-87.9081557
705,41.8774934,-87.9027262,1,41.8799715,-87.9029689
706,41.8743054,-87.9024815,1,41.8774934,-87.9027262
707,41.8739004,-87.9001197,1,41.8743054,-87.9024815
708,41.8730127,-87.8970693,1,41.8739004,-87.9001197
709,41.8726232,-87.8962419,1,41.8730127,-87.8970693
710,41.8718517,-87.8968726,1,41.8726232,-87.8962419
711,41.8702367,-87.8950318,1,41.8718517,-87.8968726
712,41.8673133,-87.8828512,1,41.8702367,-87.8950318
713,41.8342627,-87.8742273,1,41.8673133,-87.8828512
714,41.8346158,-87.8615775,1,41.8342627,-87.8742273
715,41.827696,-87.8516992,1,41.8346158,-87.8615775
716,41.8279765,-87.8320214,1,41.827696,-87.8516992
717,41.8280332,-87.8288524,1,41.8279765,-87.8320214
718,41.8281509,-87.8197514,1,41.8280332,-87.8288524
719,41.8280211,-87.819721,1,41.8281509,-87.8197514
720,41.8276401,-87.8195547,1,41.8280211,-87.819721
721,41.826651,-87.8189248,1,41.8276401,-87.8195547
722,41.8256282,-87.8152841,1,41.826651,-87.8189248
723,41.8229241,-87.8107417,1,41.8256282,-87.8152841
724,41.8228848,-87.8099556,1,41.8229241,-87.8107417
725,41.8212937,-87.8094361,1,41.8228848,-87.8099556
726,41.8220199,-87.743414,1,41.8212937,-87.8094361
727,41.79307,-87.7418659,1,41.8220199,-87.743414
728,41.7938146,-87.6839746,1,41.79307,-87.7418659
729,41.7937103,-87.6597339,1,41.7938146,-87.6839746
730,41.7777152,-87.6593114,1,41.7937103,-87.6597339
731,41.7746297,-87.6556543,1,41.7777152,-87.6593114
732,41.7746333,-87.6554114,1,41.7746297,-87.6556543
733,41.7736289,-87.6553463,1,41.7746333,-87.6554114
734,41.7723216,-87.6543184,1,41.7736289,-87.6553463
735,41.7727328,-87.6280636,1,41.7723216,-87.6543184
736,41.7729681,-87.6154902,1,41.7727328,-87.6280636
737,41.7228071,-87.5455543,1,41.7729681,-87.6154902
738,41.7229366,-87.5365297,1,41.7228071,-87.5455543
739,41.7127342,-87.5352832,1,41.7229366,-87.5365297
740,41.7026617,-87.5244607,1,41.7127342,-87.5352832
741,41.702652,-87.5245381,1,41.7026617,-87.5244607
742,41.6917877,-87.5246522,1,41.702652,-87.5245381
743,41.6917868,-87.5245496,1,41.6917877,-87.5246522
744,41.6934307,-87.514479,1,41.6917868,-87.5245496
745,41.6623749,-87.4838155,1,41.6934307,-87.514479
746,41.6611965,-87.4833254,1,41.6623749,-87.4838155
747,41.6610489,-87.473444,1,41.6611965,-87.4833254
748,41.6609791,-87.4677449,1,41.6610489,-87.473444
749,41.6496095,-87.4514714,1,41.6609791,-87.4677449
750,41.6492208,-87.4510098,1,41.6496095,-87.4514714
751,41.6492466,-87.4462402,1,41.6492208,-87.4510098
752,41.6477383,-87.4462195,1,41.6492466,-87.4462402
753,41.6477554,-87.443011,1,41.6477383,-87.4462195
754,41.64074,-87.4328923,1,41.6477554,-87.443011
755,41.6368776,-87.4328241,1,41.64074,-87.4328923
756,41.6364527,-87.4322073,1,41.6368776,-87.4328241
757,41.6053154,-87.3925381,1,41.6364527,-87.4322073
758,41.6021386,-87.3245789,1,41.6053154,-87.3925381
759,41.5952456,-87.2828492,1,41.6021386,-87.3245789
760,41.5977608,-87.269605,1,41.5952456,-87.2828492
761,41.617931,-87.1811359,1,41.5977608,-87.269605
762,41.6825575,-86.962617,1,41.617931,-87.1811359
763,41.6951419,-86.9334968,1,41.6825575,-86.962617
764,41.7015205,-86.9141078,1,41.6951419,-86.9334968
765,41.7028884,-86.9140777,1,41.7015205,-86.9141078
766,41.7086172,-86.9089266,1,41.7028884,-86.9140777
767,41.7129587,-86.8864958,1,41.7086172,-86.9089266
768,41.6958674,-86.8184138,1,41.7129587,-86.8864958
769,41.6712166,-86.6029088,1,41.6958674,-86.8184138
770,41.6729741,-86.589024,1,41.6712166,-86.6029088
771,41.6717932,-86.322125,1,41.6729741,-86.589024
772,41.672567,-86.2461526,1,41.6717932,-86.322125
773,41.6719654,-86.2458959,1,41.672567,-86.2461526
774,41.671026,-86.2446058,1,41.6719654,-86.2458959
775,41.6705259,-86.242423,1,41.671026,-86.2446058
776,41.6576999,-86.2161276,1,41.6705259,-86.242423
777,41.6631382,-86.0706535,1,41.6576999,-86.2161276
778,41.6622752,-86.0706848,1,41.6631382,-86.0706535
779,41.6626643,-86.0611164,1,41.6622752,-86.0706848
780,41.6484559,-85.9570859,1,41.6626643,-86.0611164
781,41.6384584,-85.9301795,1,41.6484559,-85.9570859
782,41.6376934,-85.9239204,1,41.6384584,-85.9301795
783,41.6267282,-85.9066872,1,41.6376934,-85.9239204
784,41.6273285,-85.9059057,1,41.6267282,-85.9066872
785,41.6096083,-85.8761132,1,41.6273285,-85.9059057
786,41.5972101,-85.8483639,1,41.6096083,-85.8761132
787,41.5971583,-85.8483637,1,41.5972101,-85.8483639
788,41.5917989,-85.8346228,1,41.5971583,-85.8483637
789,41.5870384,-85.8264759,1,41.5917989,-85.8346228
790,41.586526,-85.8212415,1,41.5870384,-85.8264759
791,41.5807111,-85.8121377,1,41.586526,-85.8212415
792,41.5807413,-85.8043346,1,41.5807111,-85.8121377
793,41.581515,-85.6559029,1,41.5807413,-85.8043346
794,41.5863609,-85.610489,1,41.581515,-85.6559029
795,41.586099,-85.60965,1,41.5863609,-85.610489
796,41.5820747,-85.6036483,1,41.586099,-85.60965
797,41.5829598,-85.5402683,1,41.5820747,-85.6036483
798,41.5827837,-85.5402599,1,41.5829598,-85.5402683
799,41.5833684,-85.4817363,1,41.5827837,-85.5402599
800,41.5761022,-85.4816751,1,41.5833684,-85.4817363
801,41.5763878,-85.4239416,1,41.5761022,-85.4816751
802,41.5741229,-85.3279506,1,41.5763878,-85.4239416
803,41.5845426,-85.3090879,1,41.5741229,-85.3279506
804,41.5852504,-85.3090773,1,41.5845426,-85.3090879
805,41.5812361,-85.2255606,1,41.5852504,-85.3090773
806,41.5811872,-85.199204,1,41.5812361,-85.2255606
807,41.579948,-85.1992205,1,41.5811872,-85.199204
808,41.5799092,-85.1944515,1,41.579948,-85.1992205
809,41.5739276,-85.1942259,1,41.5799092,-85.1944515
810,41.5739401,-85.1792165,1,41.5739276,-85.1942259
811,41.5753746,-85.0161408,1,41.5739401,-85.1792165
812,41.5733863,-85.0066005,1,41.5753746,-85.0161408
813,41.5704311,-84.9979956,1,41.5733863,-85.0066005
814,41.5735841,-84.8270152,1,41.5704311,-84.9979956
815,41.5690989,-84.8268517,1,41.5735841,-84.8270152
816,41.570758,-84.8051837,1,41.5690989,-84.8268517
817,41.5718393,-84.632391,1,41.570758,-84.8051837
818,41.5714222,-84.632052,1,41.5718393,-84.632391
819,41.5718915,-84.6203091,1,41.5714222,-84.632052
820,41.5720072,-84.5939402,1,41.5718915,-84.6203091
821,41.5719825,-84.4475962,1,41.5720072,-84.5939402
822,41.5719702,-84.3809361,1,41.5719825,-84.4475962
823,41.572336,-84.3158562,1,41.5719702,-84.3809361
824,41.5723629,-84.2826747,1,41.572336,-84.3158562
825,41.5552092,-84.1521894,1,41.5723629,-84.2826747
826,41.5552522,-84.1443229,1,41.5552092,-84.1521894
827,41.5564405,-83.8309042,1,41.5552522,-84.1443229
828,41.5566782,-83.7372616,1,41.5564405,-83.8309042
829,41.5587729,-83.7357239,1,41.5566782,-83.7372616
830,41.5587898,-83.7029205,1,41.5587729,-83.7357239
831,41.55796,-83.6743599,1,41.5587898,-83.7029205
832,41.5587189,-83.672681,1,41.55796,-83.6743599
833,41.558827,-83.6637339,1,41.5587189,-83.672681
834,41.557898,-83.6632186,1,41.558827,-83.6637339
835,41.560737,-83.6538949,1,41.557898,-83.6632186
836,41.5609877,-83.6529448,1,41.560737,-83.6538949
837,41.5563739,-83.6488032,1,41.5609877,-83.6529448
838,41.5560333,-83.6418046,1,41.5563739,-83.6488032
839,41.560423,-83.63002,1,41.5560333,-83.6418046
840,41.557113,-83.627833,1,41.560423,-83.63002
841,41.5586829,-83.6235984,1,41.557113,-83.627833
842,41.5581138,-83.6229531,1,41.5586829,-83.6235984
843,41.5539086,-83.6125414,1,41.5581138,-83.6229531
844,41.5506842,-83.6042488,1,41.5539086,-83.6125414
845,41.5287866,-83.5518517,1,41.5506842,-83.6042488
846,41.4933777,-83.4678698,1,41.5287866,-83.5518517
847,41.4462985,-83.3528811,1,41.4933777,-83.4678698
848,41.369444,-83.1666272,1,41.4462985,-83.3528811
849,41.3509848,-83.1224638,1,41.369444,-83.1666272
850,41.3383951,-83.0800253,1,41.3509848,-83.1224638
851,41.332634,-83.0588246,1,41.3383951,-83.0800253
852,41.3084419,-82.9695021,1,41.332634,-83.0588246
853,41.2674431,-82.8130758,1,41.3084419,-82.9695021
854,41.2669243,-82.8130394,1,41.2674431,-82.8130758
855,41.2391185,-82.693762,1,41.2669243,-82.8130394
856,41.2394447,-82.6937742,1,41.2391185,-82.693762
857,41.2439162,-82.6217904,1,41.2394447,-82.6937742
858,41.243901,-82.6217745,1,41.2439162,-82.6217904
859,41.2440027,-82.620627,1,41.243901,-82.6217745
860,41.2445491,-82.6173653,1,41.2440027,-82.620627
861,41.2442895,-82.6171466,1,41.2445491,-82.6173653
862,41.2447729,-82.6149457,1,41.2442895,-82.6171466
863,41.2432583,-82.6136499,1,41.2447729,-82.6149457
864,41.2477653,-82.6041244,1,41.2432583,-82.6136499
865,41.2496423,-82.5755843,1,41.2477653,-82.6041244
866,41.2475241,-82.4102776,1,41.2496423,-82.5755843
867,41.2368427,-82.2184854,1,41.2475241,-82.4102776
868,41.2373119,-82.120049,1,41.2368427,-82.2184854
869,41.2368404,-82.0230612,1,41.2373119,-82.120049
870,41.2376681,-82.0230315,1,41.2368404,-82.0230612
871,41.237592,-81.9238749,1,41.2376681,-82.0230315
872,41.2379202,-81.8720418,1,41.237592,-81.9238749
873,41.2397834,-81.6392751,1,41.2379202,-81.8720418
874,41.2328574,-81.4847679,1,41.2397834,-81.6392751
875,41.2397179,-81.3721206,1,41.2328574,-81.4847679
876,41.239485,-81.3566211,1,41.2397179,-81.3721206
877,41.2397971,-81.3493381,1,41.239485,-81.3566211
878,41.2392368,-81.3419451,1,41.2397971,-81.3493381
879,41.2420025,-81.2991281,1,41.2392368,-81.3419451
880,41.2376309,-80.979013,1,41.2420025,-81.2991281
881,41.2309849,-80.9029895,1,41.2376309,-80.979013
882,41.237095,-80.8805534,1,41.2309849,-80.9029895
883,41.2390059,-80.880611,1,41.237095,-80.8805534
884,41.2340085,-80.8264218,1,41.2390059,-80.880611
885,41.237048,-80.7679914,1,41.2340085,-80.8264218
886,41.2372728,-80.7633736,1,41.237048,-80.7679914
887,41.2372763,-80.7617508,1,41.2372728,-80.7633736
888,41.2377257,-80.7083011,1,41.2372763,-80.7617508
889,41.2327599,-80.519092,1,41.2377257,-80.7083011
890,41.2371899,-80.3605028,1,41.2327599,-80.519092
891,41.2343435,-80.3163713,1,41.2371899,-80.3605028
892,41.2256098,-80.2690852,1,41.2343435,-80.3163713
893,41.2260345,-80.2653373,1,41.2256098,-80.2690852
894,41.2268946,-80.2399596,1,41.2260345,-80.2653373
895,41.2272577,-80.2399741,1,41.2268946,-80.2399596
896,41.2272656,-80.2378773,1,41.2272577,-80.2399741
897,41.2269089,-80.2378724,1,41.2272656,-80.2378773
898,41.2256943,-80.2196862,1,41.2269089,-80.2378724
899,41.2310957,-79.9577641,1,41.2256943,-80.2196862
900,41.2323627,-79.956401,1,41.2310957,-79.9577641
901,41.2296796,-79.9536079,1,41.2323627,-79.956401
902,41.2438074,-79.8972433,1,41.2296796,-79.9536079
903,41.2398042,-79.8964328,1,41.2438074,-79.8972433
904,41.2382474,-79.8551171,1,41.2398042,-79.8964328
905,41.2773683,-79.7485595,1,41.2382474,-79.8551171
906,41.2775704,-79.6786136,1,41.2773683,-79.7485595
907,41.2779432,-79.6586696,1,41.2775704,-79.6786136
908,41.2753472,-79.6600951,1,41.2779432,-79.6586696
909,41.2761138,-79.6488312,1,41.2753472,-79.6600951
910,41.2752218,-79.6487818,1,41.2761138,-79.6488312
911,41.2751709,-79.6467612,1,41.2752218,-79.6487818
912,41.2771741,-79.6220988,1,41.2751709,-79.6467612
913,41.2783787,-79.6217249,1,41.2771741,-79.6220988
914,41.2824169,-79.6110049,1,41.2783787,-79.6217249
915,41.2800912,-79.6053934,1,41.2824169,-79.6110049
916,41.279883,-79.6045989,1,41.2800912,-79.6053934
917,41.269821,-79.5807193,1,41.279883,-79.6045989
918,41.2716196,-79.5692058,1,41.269821,-79.5807193
919,41.276997,-79.5510656,1,41.2716196,-79.5692058
920,41.2507593,-79.4611743,1,41.276997,-79.5510656
921,41.2428378,-79.426807,1,41.2507593,-79.4611743
922,41.2175613,-79.3927078,1,41.2428378,-79.426807
923,41.116262,-78.9197873,1,41.2175613,-79.3927078
924,41.1024969,-78.9018434,1,41.116262,-78.9197873
925,41.1022854,-78.9010021,1,41.1024969,-78.9018434
926,41.1020561,-78.8993547,1,41.1022854,-78.9010021
927,41.0790155,-78.7609479,1,41.1020561,-78.8993547
928,41.0721169,-78.7417823,1,41.0790155,-78.7609479
929,41.0768042,-78.7350365,1,41.0721169,-78.7417823
930,41.0767032,-78.7233889,1,41.0768042,-78.7350365
931,41.0692851,-78.7127273,1,41.0767032,-78.7233889
932,41.0703024,-78.7112456,1,41.0692851,-78.7127273
933,41.074509,-78.6981308,1,41.0703024,-78.7112456
934,41.078152,-78.68409,1,41.074509,-78.6981308
935,41.0776255,-78.6802762,1,41.078152,-78.68409
936,41.0777348,-78.6802382,1,41.0776255,-78.6802762
937,41.0757316,-78.6547105,1,41.0777348,-78.6802382
938,41.075623,-78.530126,1,41.0757316,-78.6547105
939,41.0272722,-78.4398578,1,41.075623,-78.530126
940,41.0267305,-78.4385849,1,41.0272722,-78.4398578
941,41.0264343,-78.4362329,1,41.0267305,-78.4385849
942,41.025547,-78.435068,1,41.0264343,-78.4362329
943,41.02552,-78.434959,1,41.025547,-78.435068
944,41.024414,-78.434578,1,41.02552,-78.434959
945,41.024456,-78.431709,1,41.024414,-78.434578
946,41.024409,-78.418532,1,41.024456,-78.431709
947,41.0243352,-78.4175457,1,41.024409,-78.418532
948,40.9980823,-78.3690002,1,41.0243352,-78.4175457
949,40.998264,-78.364182,1,40.9980823,-78.3690002
950,40.995785,-78.347099,1,40.998264,-78.364182
951,40.986324,-78.311333,1,40.995785,-78.347099
952,40.9843676,-78.302204,1,40.986324,-78.311333
953,40.98233,-78.29184,1,40.9843676,-78.302204
954,40.9708471,-78.2366064,1,40.98233,-78.29184
955,40.9566011,-78.1797536,1,40.9708471,-78.2366064
956,40.954647,-78.1716309,1,40.9566011,-78.1797536
957,40.947134,-78.1385239,1,40.954647,-78.1716309
958,40.942552,-78.124856,1,40.947134,-78.1385239
959,40.9148174,-78.0608362,1,40.942552,-78.124856
960,40.9072556,-77.8754611,1,40.9148174,-78.0608362
961,40.9383435,-77.8042527,1,40.9072556,-77.8754611
962,40.9402311,-77.8007781,1,40.9383435,-77.8042527
963,40.9485078,-77.7939177,1,40.9402311,-77.8007781
964,40.9487464,-77.7919228,1,40.9485078,-77.7939177
965,40.9474249,-77.7902269,1,40.9487464,-77.7919228
966,40.9239492,-77.7797633,1,40.9474249,-77.7902269
967,40.9107571,-77.7774157,1,40.9239492,-77.7797633
968,40.9118094,-77.772433,1,40.9107571,-77.7774157
969,40.8903035,-77.745325,1,40.9118094,-77.772433
970,40.8857845,-77.7410658,1,40.8903035,-77.745325
971,40.8650716,-77.7343762,1,40.8857845,-77.7410658
972,40.8367604,-77.6745036,1,40.8650716,-77.7343762
973,40.8352089,-77.6724431,1,40.8367604,-77.6745036
974,40.9141096,-77.0565865,1,40.8352089,-77.6724431
975,40.915657,-77.0567295,1,40.9141096,-77.0565865
976,40.9605044,-76.896403,1,40.915657,-77.0567295
977,40.9604969,-76.8959309,1,40.9605044,-76.896403
978,40.9602501,-76.8958529,1,40.9604969,-76.8959309
979,40.9604507,-76.8922009,1,40.9602501,-76.8958529
980,40.9602856,-76.8921845,1,40.9604507,-76.8922009
981,40.9757043,-76.7377694,1,40.9602856,-76.8921845
982,40.9852677,-76.6972648,1,40.9757043,-76.7377694
983,40.9860566,-76.6321544,1,40.9852677,-76.6972648
984,40.9823343,-76.627978,1,40.9860566,-76.6321544
985,40.9837571,-76.6262665,1,40.9823343,-76.627978
986,40.99804,-76.5949268,1,40.9837571,-76.6262665
987,41.00054,-76.488895,1,40.99804,-76.5949268
988,40.995443,-76.4739428,1,41.00054,-76.488895
989,40.9983443,-76.4719083,1,40.995443,-76.4739428
990,41.0034566,-76.4636618,1,40.9983443,-76.4719083
991,41.002706,-76.4630728,1,41.0034566,-76.4636618
992,41.0015353,-76.4624882,1,41.002706,-76.4630728
993,41.0018699,-76.4613522,1,41.0015353,-76.4624882
994,41.0012567,-76.4608803,1,41.0018699,-76.4613522
995,41.0044369,-76.4537257,1,41.0012567,-76.4608803
996,41.0013021,-76.4479733,1,41.0044369,-76.4537257
997,41.0547686,-76.2336103,1,41.0013021,-76.4479733
998,41.0237727,-76.0790524,1,41.0547686,-76.2336103
999,41.0281507,-76.0060381,1,41.0237727,-76.0790524
1000,41.0180769,-75.9946155,1,41.0281507,-76.0060381
1001,41.0161812,-75.9054732,1,41.0180769,-75.9946155
1002,41.0189058,-75.8808845,1,41.0161812,-75.9054732
1003,41.0196225,-75.8796585,1,41.0189058,-75.8808845
1004,41.0288756,-75.7918293,1,41.0196225,-75.8796585
1005,41.0308147,-75.7777509,1,41.0288756,-75.7918293
1006,41.0388348,-75.7593999,1,41.0308147,-75.7777509
1007,41.0386706,-75.7589259,1,41.0388348,-75.7593999
1008,40.9675099,-75.5119208,1,41.0386706,-75.7589259
1009,40.9660768,-75.4678719,1,40.9675099,-75.5119208
1010,40.9455248,-75.4421125,1,40.9660768,-75.4678719
1011,40.9233697,-75.397558,1,40.9455248,-75.4421125
1012,40.922258,-75.3592544,1,40.9233697,-75.397558
1013,40.9026265,-75.3364958,1,40.922258,-75.3592544
1014,40.8956579,-75.3233369,1,40.9026265,-75.3364958
1015,40.8936523,-75.3163813,1,40.8956579,-75.3233369
1016,40.8925219,-75.3147636,1,40.8936523,-75.3163813
1017,40.8612724,-75.2942674,1,40.8925219,-75.3147636
1018,40.8560562,-75.2916475,1,40.8612724,-75.2942674
1019,40.848523,-75.2808419,1,40.8560562,-75.2916475
1020,40.8456893,-75.2734153,1,40.848523,-75.2808419
1021,40.8438614,-75.2495118,1,40.8456893,-75.2734153
1022,40.8384962,-75.2458793,1,40.8438614,-75.2495118
1023,40.8395038,-75.2196928,1,40.8384962,-75.2458793
1024,40.8406187,-75.2138327,1,40.8395038,-75.2196928
1025,40.8444722,-75.201864,1,40.8406187,-75.2138327
1026,40.844102,-75.2010797,1,40.8444722,-75.201864
1027,40.8439909,-75.188788,1,40.844102,-75.2010797
1028,40.8405985,-75.1852378,1,40.8439909,-75.188788
1029,40.8433228,-75.161574,1,40.8405985,-75.1852378
1030,40.842888,-75.160955,1,40.8433228,-75.161574
1031,40.8357697,-75.14422,1,40.842888,-75.160955
1032,40.8365666,-75.1437573,1,40.8357697,-75.14422
1033,40.8372137,-75.1350434,1,40.8365666,-75.1437573
1034,40.8421371,-75.1226792,1,40.8372137,-75.1350434
1035,40.84827,-75.1169257,1,40.8421371,-75.1226792
1036,40.8282319,-75.086156,1,40.84827,-75.1169257
1037,40.8288335,-75.0846541,1,40.8282319,-75.086156
1038,40.8300761,-75.0760418,1,40.8288335,-75.0846541
1039,40.8285524,-75.0757107,1,40.8300761,-75.0760418
1040,40.8233132,-75.0624316,1,40.8285524,-75.0757107
1041,40.8230846,-75.0573964,1,40.8233132,-75.0624316
1042,40.8322265,-74.999144,1,40.8230846,-75.0573964
1043,40.8515157,-74.9335957,1,40.8322265,-74.999144
1044,40.8510868,-74.934278,1,40.8515157,-74.9335957
1045,40.8583564,-74.8968534,1,40.8510868,-74.934278
1046,40.857864,-74.8948002,1,40.8583564,-74.8968534
1047,40.8532976,-74.8887806,1,40.857864,-74.8948002
1048,40.8602953,-74.8724739,1,40.8532976,-74.8887806
1049,40.8489048,-74.824023,1,40.8602953,-74.8724739
1050,40.848211,-74.8195465,1,40.8489048,-74.824023
1051,40.848248,-74.813316,1,40.848211,-74.8195465
1052,40.8495523,-74.8013235,1,40.848248,-74.813316
1053,40.8665368,-74.743018,1,40.8495523,-74.8013235
1054,40.8643419,-74.7416805,1,40.8665368,-74.743018
1055,40.8655057,-74.7360288,1,40.8643419,-74.7416805
1056,40.8662721,-74.7343908,1,40.8655057,-74.7360288
1057,40.8627893,-74.7072552,1,40.8662721,-74.7343908
1058,40.8634412,-74.7066963,1,40.8627893,-74.7072552
1059,40.8678464,-74.6953829,1,40.8634412,-74.7066963
1060,40.8736759,-74.6845445,1,40.8678464,-74.6953829
1061,40.8777409,-74.6779339,1,40.8736759,-74.6845445
1062,40.8800408,-74.6565237,1,40.8777409,-74.6779339
1063,40.8808837,-74.6554612,1,40.8800408,-74.6565237
1064,40.879829,-74.6540327,1,40.8808837,-74.6554612
1065,40.880608,-74.6530412,1,40.879829,-74.6540327
1066,40.8789846,-74.651055,1,40.880608,-74.6530412
1067,40.8911857,-74.5147972,1,40.8789846,-74.651055
1068,40.858609,-74.340733,1,40.8911857,-74.5147972
1069,40.8585003,-74.3405077,1,40.858609,-74.340733
1070,40.8794351,-74.1510894,1,40.8585003,-74.3405077
1071,40.881274,-74.1409235,1,40.8794351,-74.1510894
1072,40.8807243,-74.1405334,1,40.881274,-74.1409235
1073,40.8830855,-74.1290469,1,40.8807243,-74.1405334
1074,40.8798672,-74.1255641,1,40.8830855,-74.1290469
1075,40.8787271,-74.1233054,1,40.8798672,-74.1255641
1076,40.8889196,-74.0810511,1,40.8787271,-74.1233054
1077,40.8950526,-74.0785345,1,40.8889196,-74.0810511
1078,40.8939689,-74.0761342,1,40.8950526,-74.0785345
1079,40.878357,-74.0448944,1,40.8939689,-74.0761342
1080,40.8788008,-74.0444954,1,40.878357,-74.0448944
1081,40.8772512,-74.0340906,1,40.8788008,-74.0444954
1082,40.8708029,-74.01505,1,40.8772512,-74.0340906
1083,40.8725788,-74.013871,1,40.8708029,-74.01505
1084,40.8658007,-73.9964784,1,40.8725788,-74.013871
1085,40.8587168,-73.9813428,1,40.8658007,-73.9964784
1086,40.8538446,-73.9750208,1,40.8587168,-73.9813428
1087,40.856113,-73.9726503,1,40.8538446,-73.9750208
1088,40.8525597,-73.9640406,1,40.856113,-73.9726503
1089,40.8535178,-73.9636978,1,40.8525597,-73.9640406
1090,40.8489849,-73.9411081,1,40.8535178,-73.9636978
1091,40.8490099,-73.9410924,1,40.8489849,-73.9411081
1092,40.8484282,-73.9376987,1,40.8490099,-73.9410924
1093,40.8589237,-73.9314866,1,40.8484282,-73.9376987
1094,40.8635133,-73.9197882,1,40.8589237,-73.9314866
1095,40.8644809,-73.9189352,1,40.8635133,-73.9197882
1096,40.8629564,-73.9153146,1,40.8644809,-73.9189352
1097,40.861927,-73.9129619,1,40.8629564,-73.9153146
1098,40.861853,-73.8924082,1,40.861927,-73.9129619
1099,40.8617455,-73.8913339,1,40.861853,-73.8924082
1100,40.8710813,-73.8767899,1,40.8617455,-73.8913339
1101,40.8703616,-73.8760409,1,40.8710813,-73.8767899
1102,40.8708051,-73.8709753,1,40.8703616,-73.8760409
1103,40.8712326,-73.8560794,1,40.8708051,-73.8709753
1104,40.8901698,-73.8195635,1,40.8712326,-73.8560794
1105,40.9050925,-73.7873964,1,40.8901698,-73.8195635
1106,40.9933139,-73.6756305,1,40.9050925,-73.7873964
1107,40.9978221,-73.6653934,1,40.9933139,-73.6756305
1108,41.0414805,-73.5803925,1,40.9978221,-73.6653934
1109,41.0455957,-73.5712283,1,41.0414805,-73.5803925
1110,41.1097942,-73.4197009,1,41.0455957,-73.5712283
1111,41.110024,-73.4180117,1,41.1097942,-73.4197009
1112,41.1161492,-73.4148576,1,41.110024,-73.4180117
1113,41.1185088,-73.4112333,1,41.1161492,-73.4148576
1114,41.1216287,-73.4102508,1,41.1185088,-73.4112333
1115,41.1213285,-73.4068362,1,41.1216287,-73.4102508
1116,41.1286165,-73.3811081,1,41.1213285,-73.4068362
1117,41.1479339,-73.2472913,1,41.1286165,-73.3811081
1118,41.149654,-73.2430028,1,41.1479339,-73.2472913
1119,41.1555862,-73.2409036,1,41.149654,-73.2430028
1120,41.1562476,-73.2411571,1,41.1555862,-73.2409036
1121,41.1624178,-73.2358825,1,41.1562476,-73.2411571
1122,41.1679313,-73.2197155,1,41.1624178,-73.2358825
1123,41.1682655,-73.2156104,1,41.1679313,-73.2197155
1124,41.17961,-73.1874601,1,41.1682655,-73.2156104
1125,41.1774284,-73.1733371,1,41.17961,-73.1874601
1126,41.1838671,-73.1542015,1,41.1774284,-73.1733371
1127,41.1867929,-73.1278284,1,41.1838671,-73.1542015
1128,41.2006308,-73.1128397,1,41.1867929,-73.1278284
1129,41.200304,-73.1105939,1,41.2006308,-73.1128397
1130,41.218983,-73.062998,1,41.200304,-73.1105939
1131,41.2223652,-73.0566868,1,41.218983,-73.062998
1132,41.2263028,-73.0565106,1,41.2223652,-73.0566868
1133,41.2321555,-73.0447383,1,41.2263028,-73.0565106
1134,41.2323605,-73.0444448,1,41.2321555,-73.0447383
1135,41.2974766,-72.9488685,1,41.2323605,-73.0444448
1136,41.2974993,-72.9478849,1,41.2974766,-72.9488685
1137,41.2979091,-72.9476747,1,41.2974993,-72.9478849
1138,41.3022087,-72.9324074,1,41.2979091,-72.9476747
1139,41.3073649,-72.928623,1,41.3022087,-72.9324074
1140,41.3073222,-72.9284558,1,41.3073649,-72.928623
1141,41.3083735,-72.9257002,1,41.3073222,-72.9284558
1142,41.3139327,-72.9215615,1,41.3083735,-72.9257002
1143,41.3355154,-72.9114273,1,41.3139327,-72.9215615
1144,43.3784683,-92.9188621,2,43.3784652,-92.9228499
1145,43.3747836,-92.9155219,2,43.3784683,-92.9188621
1146,43.3566558,-92.8981775,2,43.3747836,-92.9155219
1147,43.3566571,-92.8902039,2,43.3566558,-92.8981775
1148,43.3348707,-92.8781031,2,43.3566571,-92.8902039
1149,43.3348513,-92.8701625,2,43.3348707,-92.8781031
1150,43.3216886,-92.8553897,2,43.3348513,-92.8701625
1151,43.3207417,-92.8504372,2,43.3216886,-92.8553897
1152,43.3203803,-92.850236,2,43.3207417,-92.8504372
1153,43.3204708,-92.7320212,2,43.3203803,-92.850236
1154,43.3232308,-92.7320409,2,43.3204708,-92.7320212
1155,43.32261,-92.7270502,2,43.3232308,-92.7320409
1156,43.3134239,-92.6139032,2,43.32261,-92.7270502
1157,43.2989515,-92.6134876,2,43.3134239,-92.6139032
1158,43.2982876,-92.5544418,2,43.2989515,-92.6134876
1159,43.3000279,-92.5544343,2,43.2982876,-92.5544418
1160,43.299263,-92.0806412,2,43.3000279,-92.5544343
1161,43.2988262,-91.9947424,2,43.299263,-92.0806412
1162,43.297388,-91.9921899,2,43.2988262,-91.9947424
1163,43.298324,-91.991153,2,43.297388,-91.9921899
1164,43.2976501,-91.9896537,2,43.298324,-91.991153
1165,43.2984128,-91.9888585,2,43.2976501,-91.9896537
1166,43.2942381,-91.9823282,2,43.2984128,-91.9888585
1167,43.2929419,-91.9825375,2,43.2942381,-91.9823282
1168,43.2921853,-91.9816266,2,43.2929419,-91.9825375
1169,43.2034916,-91.8778518,2,43.2921853,-91.9816266
1170,43.203516,-91.8774838,2,43.2034916,-91.8778518
1171,43.1826965,-91.8646163,2,43.203516,-91.8774838
1172,43.1616809,-91.7744066,2,43.1826965,-91.8646163
1173,43.1616973,-91.7738313,2,43.1616809,-91.7744066
1174,43.1513653,-91.7742857,2,43.1616973,-91.7738313
1175,43.1476204,-91.766086,2,43.1513653,-91.7742857
1176,43.1463163,-91.7666991,2,43.1476204,-91.766086
1177,43.0878217,-91.5910605,2,43.1463163,-91.7666991
1178,43.085692,-91.5854972,2,43.0878217,-91.5910605
1179,43.0845583,-91.5683344,2,43.085692,-91.5854972
1180,43.0825926,-91.56827,2,43.0845583,-91.5683344
1181,43.0816695,-91.5626275,2,43.0825926,-91.56827
1182,43.080233,-91.4843545,2,43.0816695,-91.5626275
1183,43.0606825,-91.4605768,2,43.080233,-91.4843545
1184,43.0551058,-91.389893,2,43.0606825,-91.4605768
1185,43.0529346,-91.3898697,2,43.0551058,-91.389893
1186,43.052159,-91.3848959,2,43.0529346,-91.3898697
1187,43.0442635,-91.1864363,2,43.052159,-91.3848959
1188,43.0484458,-91.1549411,2,43.0442635,-91.1864363
1189,43.0489266,-91.140946,2,43.0484458,-91.1549411
1190,43.0286537,-91.1279348,2,43.0489266,-91.140946
1191,43.0180395,-91.1123381,2,43.0286537,-91.1279348
1192,43.0106767,-91.0647967,2,43.0180395,-91.1123381
1193,42.9545007,-90.9782043,2,43.0106767,-91.0647967
1194,42.9526298,-90.97251,2,42.9545007,-90.9782043
1195,42.8831108,-90.9240084,2,42.9526298,-90.97251
1196,42.8434915,-90.9079694,2,42.8831108,-90.9240084
1197,42.814756,-90.9100327,2,42.8434915,-90.9079694
1198,42.703992,-90.7306306,2,42.814756,-90.9100327
1199,42.7040256,-90.7016717,2,42.703992,-90.7306306
1200,42.6965548,-90.6942885,2,42.7040256,-90.7016717
1201,42.6965232,-90.6939113,2,42.6965548,-90.6942885
1202,42.6211025,-90.5894643,2,42.6965232,-90.6939113
1203,42.6163704,-90.585229,2,42.6211025,-90.5894643
1204,42.6159892,-90.5846351,2,42.6163704,-90.585229
1205,42.606236,-90.5590671,2,42.6159892,-90.5846351
1206,42.5985927,-90.5340275,2,42.606236,-90.5590671
1207,42.5948856,-90.5354494,2,42.5985927,-90.5340275
1208,42.5948726,-90.430868,2,42.5948856,-90.5354494
1209,42.595035,-90.4061824,2,42.5948726,-90.430868
1210,42.572332,-90.3868649,2,42.595035,-90.4061824
1211,42.5673897,-90.3777289,2,42.572332,-90.3868649
1212,42.5442569,-90.3674836,2,42.5673897,-90.3777289
1213,42.5117665,-90.0341423,2,42.5442569,-90.3674836
1214,42.5072541,-90.01861,2,42.5117665,-90.0341423
1215,42.4959711,-89.9880893,2,42.5072541,-90.01861
1216,42.496055,-89.987028,2,42.4959711,-89.9880893
1217,42.4886646,-89.980215,2,42.496055,-89.987028
1218,42.4354876,-89.9251609,2,42.4886646,-89.980215
1219,42.3863809,-89.8333712,2,42.4354876,-89.9251609
1220,42.373492,-89.813656,2,42.3863809,-89.8333712
1221,42.3718873,-89.8120082,2,42.373492,-89.813656
1222,42.3740494,-89.6427796,2,42.3718873,-89.8120082
1223,42.3742336,-89.6297754,2,42.3740494,-89.6427796
1224,42.373192,-89.5380799,2,42.3742336,-89.6297754
1225,42.3743763,-89.53697,2,42.373192,-89.5380799
1226,42.3751747,-89.3980009,2,42.3743763,-89.53697
1227,42.3768229,-89.328365,2,42.3751747,-89.3980009
1228,42.2760692,-89.1002961,2,42.3768229,-89.328365
1229,42.2669123,-89.0807743,2,42.2760692,-89.1002961
1230,42.2664136,-89.080583,2,42.2669123,-89.0807743
1231,42.2577429,-89.0480384,2,42.2664136,-89.080583
1232,42.2535655,-89.03174,2,42.2577429,-89.0480384
1233,42.2527193,-89.0321021,2,42.2535655,-89.03174
1234,42.2527897,-89.028917,2,42.2527193,-89.0321021
1235,42.2518129,-89.028917,2,42.2527897,-89.028917
1236,42.2426141,-88.983133,2,42.2518129,-89.028917
1237,42.2421221,-88.9759653,2,42.2426141,-88.983133
1238,42.2410444,-88.9755509,2,42.2421221,-88.9759653
1239,42.2389625,-88.9612389,2,42.2410444,-88.9755509
1240,42.2389327,-88.9561709,2,42.2389625,-88.9612389
1241,42.2364039,-88.9561449,2,42.2389327,-88.9561709
1242,42.2355894,-88.9533296,2,42.2364039,-88.9561449
1243,42.2346531,-88.9537695,2,42.2355894,-88.9533296
1244,42.2229002,-88.9406737,2,42.2346531,-88.9537695
1245,42.1221864,-88.7397221,2,42.2229002,-88.9406737
1246,42.101578,-88.7059234,2,42.1221864,-88.7397221
1247,42.0961462,-88.6858446,2,42.101578,-88.7059234
1248,42.0887986,-88.6028703,2,42.0961462,-88.6858446
1249,42.0759724,-88.5876611,2,42.0887986,-88.6028703
1250,42.0696452,-88.5785606,2,42.0759724,-88.5876611
1251,42.0665356,-88.5784477,2,42.0696452,-88.5785606
1252,42.0665027,-88.5683654,2,42.0665356,-88.5784477
1253,42.0506125,-88.5454957,2,42.0665027,-88.5683654
1254,42.0201328,-88.4973554,2,42.0506125,-88.5454957
1255,41.9901148,-88.4724287,2,42.0201328,-88.4973554
1256,41.985101,-88.3406225,2,41.9901148,-88.4724287
1257,41.9819893,-88.3276343,2,41.985101,-88.3406225
1258,41.9820772,-88.3275278,2,41.9819893,-88.3276343
1259,41.9755723,-88.2812256,2,41.9820772,-88.3275278
1260,41.9777669,-88.2780544,2,41.9755723,-88.2812256
1261,41.9777269,-88.2779952,2,41.9777669,-88.2780544
1262,41.9777259,-88.2691654,2,41.9777269,-88.2779952
1263,41.974124,-88.2665318,2,41.9777259,-88.2691654
1264,41.974222,-88.2663026,2,41.974124,-88.2665318
1265,41.9053452,-88.1906159,2,41.974222,-88.2663026
1266,41.8976496,-88.1020296,2,41.9053452,-88.1906159
1267,41.8904948,-88.008634,2,41.8976496,-88.1020296
1268,41.8904657,-88.0061268,2,41.8904948,-88.008634
1269,41.8903098,-88.0050082,2,41.8904657,-88.0061268
1270,41.8871554,-87.969158,2,41.8903098,-88.0050082
1271,41.885903,-87.9691388,2,41.8871554,-87.969158
1272,41.8827678,-87.9188967,2,41.885903,-87.9691388
1273,41.882574,-87.9188898,2,41.8827678,-87.9188967
1274,41.8816759,-87.9081664,2,41.882574,-87.9188898
1275,41.8799229,-87.9081557,2,41.8816759,-87.9081664
1276,41.8799715,-87.9029689,2,41.8799229,-87.9081557
1277,41.8774934,-87.9027262,2,41.8799715,-87.9029689
1278,41.8743054,-87.9024815,2,41.8774934,-87.9027262
1279,41.8739004,-87.9001197,2,41.8743054,-87.9024815
1280,41.8730127,-87.8970693,2,41.8739004,-87.9001197
1281,41.8726232,-87.8962419,2,41.8730127,-87.8970693
1282,41.8718517,-87.8968726,2,41.8726232,-87.8962419
1283,41.8702367,-87.8950318,2,41.8718517,-87.8968726
1284,41.8673133,-87.8828512,2,41.8702367,-87.8950318
1285,41.8342627,-87.8742273,2,41.8673133,-87.8828512
1286,41.8346158,-87.8615775,2,41.8342627,-87.8742273
1287,41.827696,-87.8516992,2,41.8346158,-87.8615775
1288,41.8279765,-87.8320214,2,41.827696,-87.8516992
1289,41.8280332,-87.8288524,2,41.8279765,-87.8320214
1290,41.8281509,-87.8197514,2,41.8280332,-87.8288524
1291,41.8280211,-87.819721,2,41.8281509,-87.8197514
1292,41.8276401,-87.8195547,2,41.8280211,-87.819721
1293,41.826651,-87.8189248,2,41.8276401,-87.8195547
1294,41.8256282,-87.8152841,2,41.826651,-87.8189248
1295,41.8229241,-87.8107417,2,41.8256282,-87.8152841
1296,41.8228848,-87.8099556,2,41.8229241,-87.8107417
1297,41.8212937,-87.8094361,2,41.8228848,-87.8099556
1298,41.8220199,-87.743414,2,41.8212937,-87.8094361
1299,41.79307,-87.7418659,2,41.8220199,-87.743414
1300,41.7938146,-87.6839746,2,41.79307,-87.7418659
1301,41.7937103,-87.6597339,2,41.7938146,-87.6839746
1302,41.7777152,-87.6593114,2,41.7937103,-87.6597339
1303,41.7746297,-87.6556543,2,41.7777152,-87.6593114
1304,41.7746333,-87.6554114,2,41.7746297,-87.6556543
1305,41.7736289,-87.6553463,2,41.7746333,-87.6554114
1306,41.7723216,-87.6543184,2,41.7736289,-87.6553463
1307,41.7727328,-87.6280636,2,41.7723216,-87.6543184
1308,41.7729681,-87.6154902,2,41.7727328,-87.6280636
1309,41.7228071,-87.5455543,2,41.7729681,-87.6154902
1310,41.7229366,-87.5365297,2,41.7228071,-87.5455543
1311,41.7127342,-87.5352832,2,41.7229366,-87.5365297
1312,41.7026617,-87.5244607,2,41.7127342,-87.5352832
1313,41.702652,-87.5245381,2,41.7026617,-87.5244607
1314,41.6917877,-87.5246522,2,41.702652,-87.5245381
1315,41.6917868,-87.5245496,2,41.6917877,-87.5246522
1316,41.6934307,-87.514479,2,41.6917868,-87.5245496
1317,41.6623749,-87.4838155,2,41.6934307,-87.514479
1318,41.6611965,-87.4833254,2,41.6623749,-87.4838155
1319,41.6610489,-87.473444,2,41.6611965,-87.4833254
1320,41.6609791,-87.4677449,2,41.6610489,-87.473444
1321,41.6496095,-87.4514714,2,41.6609791,-87.4677449
1322,41.6492208,-87.4510098,2,41.6496095,-87.4514714
1323,41.6492466,-87.4462402,2,41.6492208,-87.4510098
1324,41.6477383,-87.4462195,2,41.6492466,-87.4462402
1325,41.6477554,-87.443011,2,41.6477383,-87.4462195
1326,41.64074,-87.4328923,2,41.6477554,-87.443011
1327,41.6368776,-87.4328241,2,41.64074,-87.4328923
1328,41.6364527,-87.4322073,2,41.6368776,-87.4328241
1329,41.6053154,-87.3925381,2,41.6364527,-87.4322073
1330,41.6021386,-87.3245789,2,41.6053154,-87.3925381
1331,41.5952456,-87.2828492,2,41.6021386,-87.3245789
1332,41.5977608,-87.269605,2,41.5952456,-87.2828492
1333,41.617931,-87.1811359,2,41.5977608,-87.269605
1334,41.6825575,-86.962617,2,41.617931,-87.1811359
1335,41.6951419,-86.9334968,2,41.6825575,-86.962617
1336,41.7015205,-86.9141078,2,41.6951419,-86.9334968
1337,41.7028884,-86.9140777,2,41.7015205,-86.9141078
1338,41.7086172,-86.9089266,2,41.7028884,-86.9140777
1339,41.7129587,-86.8864958,2,41.7086172,-86.9089266
1340,41.6958674,-86.8184138,2,41.7129587,-86.8864958
1341,41.6712166,-86.6029088,2,41.6958674,-86.8184138
1342,41.6729741,-86.589024,2,41.6712166,-86.6029088
1343,41.6717932,-86.322125,2,41.6729741,-86.589024
1344,41.672567,-86.2461526,2,41.6717932,-86.322125
1345,41.6719654,-86.2458959,2,41.672567,-86.2461526
1346,41.671026,-86.2446058,2,41.6719654,-86.2458959
1347,41.6705259,-86.242423,2,41.671026,-86.2446058
1348,41.6576999,-86.2161276,2,41.6705259,-86.242423
1349,41.6631382,-86.0706535,2,41.6576999,-86.2161276
1350,41.6622752,-86.0706848,2,41.6631382,-86.0706535
1351,41.6626643,-86.0611164,2,41.6622752,-86.0706848
1352,41.6484559,-85.9570859,2,41.6626643,-86.0611164
1353,41.6384584,-85.9301795,2,41.6484559,-85.9570859
1354,41.6376934,-85.9239204,2,41.6384584,-85.9301795
1355,41.6267282,-85.9066872,2,41.6376934,-85.9239204
1356,41.6273285,-85.9059057,2,41.6267282,-85.9066872
1357,41.6096083,-85.8761132,2,41.6273285,-85.9059057
1358,41.5972101,-85.8483639,2,41.6096083,-85.8761132
1359,41.5971583,-85.8483637,2,41.5972101,-85.8483639
1360,41.5917989,-85.8346228,2,41.5971583,-85.8483637
1361,41.5870384,-85.8264759,2,41.5917989,-85.8346228
1362,41.586526,-85.8212415,2,41.5870384,-85.8264759
1363,41.5807111,-85.8121377,2,41.586526,-85.8212415
1364,41.5807413,-85.8043346,2,41.5807111,-85.8121377
1365,41.581515,-85.6559029,2,41.5807413,-85.8043346
1366,41.5863609,-85.610489,2,41.581515,-85.6559029
1367,41.586099,-85.60965,2,41.5863609,-85.610489
1368,41.5820747,-85.6036483,2,41.586099,-85.60965
1369,41.5829598,-85.5402683,2,41.5820747,-85.6036483
1370,41.5827837,-85.5402599,2,41.5829598,-85.5402683
1371,41.5833684,-85.4817363,2,41.5827837,-85.5402599
1372,41.5761022,-85.4816751,2,41.5833684,-85.4817363
1373,41.5763878,-85.4239416,2,41.5761022,-85.4816751
1374,41.5741229,-85.3279506,2,41.5763878,-85.4239416
1375,41.5845426,-85.3090879,2,41.5741229,-85.3279506
1376,41.5852504,-85.3090773,2,41.5845426,-85.3090879
1377,41.5812361,-85.2255606,2,41.5852504,-85.3090773
1378,41.5811872,-85.199204,2,41.5812361,-85.2255606
1379,41.579948,-85.1992205,2,41.5811872,-85.199204
1380,41.5799092,-85.1944515,2,41.579948,-85.1992205
1381,41.5739276,-85.1942259,2,41.5799092,-85.1944515
1382,41.5739401,-85.1792165,2,41.5739276,-85.1942259
1383,41.5753746,-85.0161408,2,41.5739401,-85.1792165
1384,41.5733863,-85.0066005,2,41.5753746,-85.0161408
1385,41.5704311,-84.9979956,2,41.5733863,-85.0066005
1386,41.5735841,-84.8270152,2,41.5704311,-84.9979956
1387,41.5690989,-84.8268517,2,41.5735841,-84.8270152
1388,41.570758,-84.8051837,2,41.5690989,-84.8268517
1389,41.5718393,-84.632391,2,41.570758,-84.8051837
1390,41.5714222,-84.632052,2,41.5718393,-84.632391
1391,41.5718915,-84.6203091,2,41.5714222,-84.632052
1392,41.5720072,-84.5939402,2,41.5718915,-84.6203091
1393,41.5719825,-84.4475962,2,41.5720072,-84.5939402
1394,41.5719702,-84.3809361,2,41.5719825,-84.4475962
1395,41.572336,-84.3158562,2,41.5719702,-84.3809361
1396,41.5723629,-84.2826747,2,41.572336,-84.3158562
1397,41.5552092,-84.1521894,2,41.5723629,-84.2826747
1398,41.5552522,-84.1443229,2,41.5552092,-84.1521894
1399,41.5564405,-83.8309042,2,41.5552522,-84.1443229
1400,41.5566782,-83.7372616,2,41.5564405,-83.8309042
1401,41.5587729,-83.7357239,2,41.5566782,-83.7372616
1402,41.5587898,-83.7029205,2,41.5587729,-83.7357239
1403,41.55796,-83.6743599,2,41.5587898,-83.7029205
1404,41.5587189,-83.672681,2,41.55796,-83.6743599
1405,41.558827,-83.6637339,2,41.5587189,-83.672681
1406,41.557898,-83.6632186,2,41.558827,-83.6637339
1407,41.560737,-83.6538949,2,41.557898,-83.6632186
1408,41.5609877,-83.6529448,2,41.560737,-83.6538949
1409,41.5563739,-83.6488032,2,41.5609877,-83.6529448
1410,41.5560333,-83.6418046,2,41.5563739,-83.6488032
1411,41.560423,-83.63002,2,41.5560333,-83.6418046
1412,41.557113,-83.627833,2,41.560423,-83.63002
1413,41.5586829,-83.6235984,2,41.557113,-83.627833
1414,41.5581138,-83.6229531,2,41.5586829,-83.6235984
1415,41.5539086,-83.6125414,2,41.5581138,-83.6229531
1416,41.5506842,-83.6042488,2,41.5539086,-83.6125414
1417,41.5287866,-83.5518517,2,41.5506842,-83.6042488
1418,41.4933777,-83.4678698,2,41.5287866,-83.5518517
1419,41.4462985,-83.3528811,2,41.4933777,-83.4678698
1420,41.369444,-83.1666272,2,41.4462985,-83.3528811
1421,41.3509848,-83.1224638,2,41.369444,-83.1666272
1422,41.3383951,-83.0800253,2,41.3509848,-83.1224638
1423,41.332634,-83.0588246,2,41.3383951,-83.0800253
1424,41.3084419,-82.9695021,2,41.332634,-83.0588246
1425,41.2674431,-82.8130758,2,41.3084419,-82.9695021
1426,41.2669243,-82.8130394,2,41.2674431,-82.8130758
1427,41.2391185,-82.693762,2,41.2669243,-82.8130394
1428,41.2394447,-82.6937742,2,41.2391185,-82.693762
1429,41.2439162,-82.6217904,2,41.2394447,-82.6937742
1430,41.243901,-82.6217745,2,41.2439162,-82.6217904
1431,41.2440027,-82.620627,2,41.243901,-82.6217745
1432,41.2445491,-82.6173653,2,41.2440027,-82.620627
1433,41.2442895,-82.6171466,2,41.2445491,-82.6173653
1434,41.2447729,-82.6149457,2,41.2442895,-82.6171466
1435,41.2432583,-82.6136499,2,41.2447729,-82.6149457
1436,41.2477653,-82.6041244,2,41.2432583,-82.6136499
1437,41.2496423,-82.5755843,2,41.2477653,-82.6041244
1438,41.2475241,-82.4102776,2,41.2496423,-82.5755843
1439,41.2368427,-82.2184854,2,41.2475241,-82.4102776
1440,41.2373119,-82.120049,2,41.2368427,-82.2184854
1441,41.2368404,-82.0230612,2,41.2373119,-82.120049
1442,41.2376681,-82.0230315,2,41.2368404,-82.0230612
1443,41.237592,-81.9238749,2,41.2376681,-82.0230315
1444,41.2379202,-81.8720418,2,41.237592,-81.9238749
1445,41.2397834,-81.6392751,2,41.2379202,-81.8720418
1446,41.2328574,-81.4847679,2,41.2397834,-81.6392751
1447,41.2397179,-81.3721206,2,41.2328574,-81.4847679
1448,41.239485,-81.3566211,2,41.2397179,-81.3721206
1449,41.2397971,-81.3493381,2,41.239485,-81.3566211
1450,41.2392368,-81.3419451,2,41.2397971,-81.3493381
1451,41.2420025,-81.2991281,2,41.2392368,-81.3419451
1452,41.2376309,-80.979013,2,41.2420025,-81.2991281
1453,41.2309849,-80.9029895,2,41.2376309,-80.979013
1454,41.237095,-80.8805534,2,41.2309849,-80.9029895
1455,41.2390059,-80.880611,2,41.237095,-80.8805534
1456,41.2340085,-80.8264218,2,41.2390059,-80.880611
1457,41.237048,-80.7679914,2,41.2340085,-80.8264218
1458,41.2372728,-80.7633736,2,41.237048,-80.7679914
1459,41.2372763,-80.7617508,2,41.2372728,-80.7633736
1460,41.2377257,-80.7083011,2,41.2372763,-80.7617508
1461,41.2327599,-80.519092,2,41.2377257,-80.7083011
1462,41.2371899,-80.3605028,2,41.2327599,-80.519092
1463,41.2343435,-80.3163713,2,41.2371899,-80.3605028
1464,41.2256098,-80.2690852,2,41.2343435,-80.3163713
1465,41.2260345,-80.2653373,2,41.2256098,-80.2690852
1466,41.2268946,-80.2399596,2,41.2260345,-80.2653373
1467,41.2272577,-80.2399741,2,41.2268946,-80.2399596
1468,41.2272656,-80.2378773,2,41.2272577,-80.2399741
1469,41.2269089,-80.2378724,2,41.2272656,-80.2378773
1470,41.2256943,-80.2196862,2,41.2269089,-80.2378724
1471,41.2310957,-79.9577641,2,41.2256943,-80.2196862
1472,41.2323627,-79.956401,2,41.2310957,-79.9577641
1473,41.2296796,-79.9536079,2,41.2323627,-79.956401
1474,41.2438074,-79.8972433,2,41.2296796,-79.9536079
1475,41.2398042,-79.8964328,2,41.2438074,-79.8972433
1476,41.2382474,-79.8551171,2,41.2398042,-79.8964328
1477,41.2773683,-79.7485595,2,41.2382474,-79.8551171
1478,41.2775704,-79.6786136,2,41.2773683,-79.7485595
1479,41.2779432,-79.6586696,2,41.2775704,-79.6786136
1480,41.2753472,-79.6600951,2,41.2779432,-79.6586696
1481,41.2761138,-79.6488312,2,41.2753472,-79.6600951
1482,41.2752218,-79.6487818,2,41.2761138,-79.6488312
1483,41.2751709,-79.6467612,2,41.2752218,-79.6487818
1484,41.2771741,-79.6220988,2,41.2751709,-79.6467612
1485,41.2783787,-79.6217249,2,41.2771741,-79.6220988
1486,41.2824169,-79.6110049,2,41.2783787,-79.6217249
1487,41.2800912,-79.6053934,2,41.2824169,-79.6110049
1488,41.279883,-79.6045989,2,41.2800912,-79.6053934
1489,41.269821,-79.5807193,2,41.279883,-79.6045989
1490,41.2716196,-79.5692058,2,41.269821,-79.5807193
1491,41.276997,-79.5510656,2,41.2716196,-79.5692058
1492,41.2507593,-79.4611743,2,41.276997,-79.5510656
1493,41.2428378,-79.426807,2,41.2507593,-79.4611743
1494,41.2175613,-79.3927078,2,41.2428378,-79.426807
1495,41.116262,-78.9197873,2,41.2175613,-79.3927078
1496,41.1024969,-78.9018434,2,41.116262,-78.9197873
1497,41.1022854,-78.9010021,2,41.1024969,-78.9018434
1498,41.1020561,-78.8993547,2,41.1022854,-78.9010021
1499,41.0790155,-78.7609479,2,41.1020561,-78.8993547
1500,41.0721169,-78.7417823,2,41.0790155,-78.7609479
1501,41.0768042,-78.7350365,2,41.0721169,-78.7417823
1502,41.0767032,-78.7233889,2,41.0768042,-78.7350365
1503,41.0692851,-78.7127273,2,41.0767032,-78.7233889
1504,41.0703024,-78.7112456,2,41.0692851,-78.7127273
1505,41.074509,-78.6981308,2,41.0703024,-78.7112456
1506,41.078152,-78.68409,2,41.074509,-78.6981308
1507,41.0776255,-78.6802762,2,41.078152,-78.68409
1508,41.0777348,-78.6802382,2,41.0776255,-78.6802762
1509,41.0757316,-78.6547105,2,41.0777348,-78.6802382
1510,41.075623,-78.530126,2,41.0757316,-78.6547105
1511,41.0272722,-78.4398578,2,41.075623,-78.530126
1512,41.0267305,-78.4385849,2,41.0272722,-78.4398578
1513,41.0264343,-78.4362329,2,41.0267305,-78.4385849
1514,41.025547,-78.435068,2,41.0264343,-78.4362329
1515,41.02552,-78.434959,2,41.025547,-78.435068
1516,41.024414,-78.434578,2,41.02552,-78.434959
1517,41.024456,-78.431709,2,41.024414,-78.434578
1518,41.024409,-78.418532,2,41.024456,-78.431709
1519,41.0243352,-78.4175457,2,41.024409,-78.418532
1520,40.9980823,-78.3690002,2,41.0243352,-78.4175457
1521,40.998264,-78.364182,2,40.9980823,-78.3690002
1522,40.995785,-78.347099,2,40.998264,-78.364182
1523,40.986324,-78.311333,2,40.995785,-78.347099
1524,40.9843676,-78.302204,2,40.986324,-78.311333
1525,40.98233,-78.29184,2,40.9843676,-78.302204
1526,40.9708471,-78.2366064,2,40.98233,-78.29184
1527,40.9566011,-78.1797536,2,40.9708471,-78.2366064
1528,40.954647,-78.1716309,2,40.9566011,-78.1797536
1529,40.947134,-78.1385239,2,40.954647,-78.1716309
1530,40.942552,-78.124856,2,40.947134,-78.1385239
1531,40.9148174,-78.0608362,2,40.942552,-78.124856
1532,40.9072556,-77.8754611,2,40.9148174,-78.0608362
1533,40.9383435,-77.8042527,2,40.9072556,-77.8754611
1534,40.9402311,-77.8007781,2,40.9383435,-77.8042527
1535,40.9485078,-77.7939177,2,40.9402311,-77.8007781
1536,40.9487464,-77.7919228,2,40.9485078,-77.7939177
1537,40.9474249,-77.7902269,2,40.9487464,-77.7919228
1538,40.9239492,-77.7797633,2,40.9474249,-77.7902269
1539,40.9107571,-77.7774157,2,40.9239492,-77.7797633
1540,40.9118094,-77.772433,2,40.9107571,-77.7774157
1541,40.8903035,-77.745325,2,40.9118094,-77.772433
1542,40.8857845,-77.7410658,2,40.8903035,-77.745325
1543,40.8650716,-77.7343762,2,40.8857845,-77.7410658
1544,40.8367604,-77.6745036,2,40.8650716,-77.7343762
1545,40.8352089,-77.6724431,2,40.8367604,-77.6745036
1546,40.9141096,-77.0565865,2,40.8352089,-77.6724431
1547,40.915657,-77.0567295,2,40.9141096,-77.0565865
1548,40.9605044,-76.896403,2,40.915657,-77.0567295
1549,40.9604969,-76.8959309,2,40.9605044,-76.896403
1550,40.9602501,-76.8958529,2,40.9604969,-76.8959309
1551,40.9604507,-76.8922009,2,40.9602501,-76.8958529
1552,40.9602856,-76.8921845,2,40.9604507,-76.8922009
1553,40.9757043,-76.7377694,2,40.9602856,-76.8921845
1554,40.9852677,-76.6972648,2,40.9757043,-76.7377694
1555,40.9860566,-76.6321544,2,40.9852677,-76.6972648
1556,40.9823343,-76.627978,2,40.9860566,-76.6321544
1557,40.9837571,-76.6262665,2,40.9823343,-76.627978
1558,40.99804,-76.5949268,2,40.9837571,-76.6262665
1559,41.00054,-76.488895,2,40.99804,-76.5949268
1560,40.995443,-76.4739428,2,41.00054,-76.488895
1561,40.9983443,-76.4719083,2,40.995443,-76.4739428
1562,41.0034566,-76.4636618,2,40.9983443,-76.4719083
1563,41.002706,-76.4630728,2,41.0034566,-76.4636618
1564,41.0015353,-76.4624882,2,41.002706,-76.4630728
1565,41.0018699,-76.4613522,2,41.0015353,-76.4624882
1566,41.0012567,-76.4608803,2,41.0018699,-76.4613522
1567,41.0044369,-76.4537257,2,41.0012567,-76.4608803
1568,41.0013021,-76.4479733,2,41.0044369,-76.4537257
1569,41.0547686,-76.2336103,2,41.0013021,-76.4479733
1570,41.0237727,-76.0790524,2,41.0547686,-76.2336103
1571,41.0281507,-76.0060381,2,41.0237727,-76.0790524
1572,41.0180769,-75.9946155,2,41.0281507,-76.0060381
1573,41.0161812,-75.9054732,2,41.0180769,-75.9946155
1574,41.0189058,-75.8808845,2,41.0161812,-75.9054732
1575,41.0196225,-75.8796585,2,41.0189058,-75.8808845
1576,41.0288756,-75.7918293,2,41.0196225,-75.8796585
1577,41.0308147,-75.7777509,2,41.0288756,-75.7918293
1578,41.0388348,-75.7593999,2,41.0308147,-75.7777509
1579,41.0386706,-75.7589259,2,41.0388348,-75.7593999
1580,40.9675099,-75.5119208,2,41.0386706,-75.7589259
1581,40.9660768,-75.4678719,2,40.9675099,-75.5119208
1582,40.9455248,-75.4421125,2,40.9660768,-75.4678719
1583,40.9233697,-75.397558,2,40.9455248,-75.4421125
1584,40.922258,-75.3592544,2,40.9233697,-75.397558
1585,40.9026265,-75.3364958,2,40.922258,-75.3592544
1586,40.8956579,-75.3233369,2,40.9026265,-75.3364958
1587,40.8936523,-75.3163813,2,40.8956579,-75.3233369
1588,40.8925219,-75.3147636,2,40.8936523,-75.3163813
1589,40.8612724,-75.2942674,2,40.8925219,-75.3147636
1590,40.8560562,-75.2916475,2,40.8612724,-75.2942674
1591,40.848523,-75.2808419,2,40.8560562,-75.2916475
1592,40.8456893,-75.2734153,2,40.848523,-75.2808419
1593,40.8438614,-75.2495118,2,40.8456893,-75.2734153
1594,40.8384962,-75.2458793,2,40.8438614,-75.2495118
1595,40.8395038,-75.2196928,2,40.8384962,-75.2458793
1596,40.8406187,-75.2138327,2,40.8395038,-75.2196928
1597,40.8444722,-75.201864,2,40.8406187,-75.2138327
1598,40.844102,-75.2010797,2,40.8444722,-75.201864
1599,40.8439909,-75.188788,2,40.844102,-75.2010797
1600,40.8405985,-75.1852378,2,40.8439909,-75.188788
1601,40.8433228,-75.161574,2,40.8405985,-75.1852378
1602,40.842888,-75.160955,2,40.8433228,-75.161574
1603,40.8357697,-75.14422,2,40.842888,-75.160955
1604,40.8365666,-75.1437573,2,40.8357697,-75.14422
1605,40.8372137,-75.1350434,2,40.8365666,-75.1437573
1606,40.8421371,-75.1226792,2,40.8372137,-75.1350434
1607,40.84827,-75.1169257,2,40.8421371,-75.1226792
1608,40.8282319,-75.086156,2,40.84827,-75.1169257
1609,40.8288335,-75.0846541,2,40.8282319,-75.086156
1610,40.8300761,-75.0760418,2,40.8288335,-75.0846541
1611,40.8285524,-75.0757107,2,40.8300761,-75.0760418
1612,40.8233132,-75.0624316,2,40.8285524,-75.0757107
1613,40.8230846,-75.0573964,2,40.8233132,-75.0624316
1614,40.8322265,-74.999144,2,40.8230846,-75.0573964
1615,40.8515157,-74.9335957,2,40.8322265,-74.999144
1616,40.8510868,-74.934278,2,40.8515157,-74.9335957
1617,40.8583564,-74.8968534,2,40.8510868,-74.934278
1618,40.857864,-74.8948002,2,40.8583564,-74.8968534
1619,40.8532976,-74.8887806,2,40.857864,-74.8948002
1620,40.8602953,-74.8724739,2,40.8532976,-74.8887806
1621,40.8489048,-74.824023,2,40.8602953,-74.8724739
1622,40.848211,-74.8195465,2,40.8489048,-74.824023
1623,40.848248,-74.813316,2,40.848211,-74.8195465
1624,40.8495523,-74.8013235,2,40.848248,-74.813316
1625,40.8665368,-74.743018,2,40.8495523,-74.8013235
1626,40.8643419,-74.7416805,2,40.8665368,-74.743018
1627,40.8655057,-74.7360288,2,40.8643419,-74.7416805
1628,40.8662721,-74.7343908,2,40.8655057,-74.7360288
1629,40.8627893,-74.7072552,2,40.8662721,-74.7343908
1630,40.8634412,-74.7066963,2,40.8627893,-74.7072552
1631,40.8678464,-74.6953829,2,40.8634412,-74.7066963
1632,40.8736759,-74.6845445,2,40.8678464,-74.6953829
1633,40.8777409,-74.6779339,2,40.8736759,-74.6845445
1634,40.8800408,-74.6565237,2,40.8777409,-74.6779339
1635,40.8808837,-74.6554612,2,40.8800408,-74.6565237
1636,40.879829,-74.6540327,2,40.8808837,-74.6554612
1637,40.880608,-74.6530412,2,40.879829,-74.6540327
1638,40.8789846,-74.651055,2,40.880608,-74.6530412
1639,40.8911857,-74.5147972,2,40.8789846,-74.651055
1640,40.858609,-74.340733,2,40.8911857,-74.5147972
1641,40.8585003,-74.3405077,2,40.858609,-74.340733
1642,40.8794351,-74.1510894,2,40.8585003,-74.3405077
1643,40.881274,-74.1409235,2,40.8794351,-74.1510894
1644,40.8807243,-74.1405334,2,40.881274,-74.1409235
1645,40.8830855,-74.1290469,2,40.8807243,-74.1405334
1646,40.8798672,-74.1255641,2,40.8830855,-74.1290469
1647,40.8787271,-74.1233054,2,40.8798672,-74.1255641
1648,40.8889196,-74.0810511,2,40.8787271,-74.1233054
1649,40.8950526,-74.0785345,2,40.8889196,-74.0810511
1650,40.8939689,-74.0761342,2,40.8950526,-74.0785345
1651,40.878357,-74.0448944,2,40.8939689,-74.0761342
1652,40.8788008,-74.0444954,2,40.878357,-74.0448944
1653,40.8772512,-74.0340906,2,40.8788008,-74.0444954
1654,40.8708029,-74.01505,2,40.8772512,-74.0340906
1655,40.8725788,-74.013871,2,40.8708029,-74.01505
1656,40.8658007,-73.9964784,2,40.8725788,-74.013871
1657,40.8587168,-73.9813428,2,40.8658007,-73.9964784
1658,40.8538446,-73.9750208,2,40.8587168,-73.9813428
1659,40.856113,-73.9726503,2,40.8538446,-73.9750208
1660,40.8525597,-73.9640406,2,40.856113,-73.9726503
1661,40.8535178,-73.9636978,2,40.8525597,-73.9640406
1662,40.8489849,-73.9411081,2,40.8535178,-73.9636978
1663,40.8490099,-73.9410924,2,40.8489849,-73.9411081
1664,40.8484282,-73.9376987,2,40.8490099,-73.9410924
1665,40.8589237,-73.9314866,2,40.8484282,-73.9376987
1666,40.8635133,-73.9197882,2,40.8589237,-73.9314866
1667,40.8644809,-73.9189352,2,40.8635133,-73.9197882
1668,40.8629564,-73.9153146,2,40.8644809,-73.9189352
1669,40.861927,-73.9129619,2,40.8629564,-73.9153146
1670,40.861853,-73.8924082,2,40.861927,-73.9129619
1671,40.8617455,-73.8913339,2,40.861853,-73.8924082
1672,40.8710813,-73.8767899,2,40.8617455,-73.8913339
1673,40.8703616,-73.8760409,2,40.8710813,-73.8767899
1674,40.8708051,-73.8709753,2,40.8703616,-73.8760409
1675,40.8712326,-73.8560794,2,40.8708051,-73.8709753
1676,40.8901698,-73.8195635,2,40.8712326,-73.8560794
1677,40.9050925,-73.7873964,2,40.8901698,-73.8195635
1678,40.9933139,-73.6756305,2,40.9050925,-73.7873964
1679,40.9978221,-73.6653934,2,40.9933139,-73.6756305
1680,41.0414805,-73.5803925,2,40.9978221,-73.6653934
1681,41.0455957,-73.5712283,2,41.0414805,-73.5803925
1682,41.1097942,-73.4197009,2,41.0455957,-73.5712283
1683,41.110024,-73.4180117,2,41.1097942,-73.4197009
1684,41.1161492,-73.4148576,2,41.110024,-73.4180117
1685,41.1185088,-73.4112333,2,41.1161492,-73.4148576
1686,41.1216287,-73.4102508,2,41.1185088,-73.4112333
1687,41.1213285,-73.4068362,2,41.1216287,-73.4102508
1688,41.1286165,-73.3811081,2,41.1213285,-73.4068362
1689,41.1479339,-73.2472913,2,41.1286165,-73.3811081
1690,41.149654,-73.2430028,2,41.1479339,-73.2472913
1691,41.1555862,-73.2409036,2,41.149654,-73.2430028
1692,41.1562476,-73.2411571,2,41.1555862,-73.2409036
1693,41.1624178,-73.2358825,2,41.1562476,-73.2411571
1694,41.1679313,-73.2197155,2,41.1624178,-73.2358825
1695,41.1682655,-73.2156104,2,41.1679313,-73.2197155
1696,41.17961,-73.1874601,2,41.1682655,-73.2156104
1697,41.1774284,-73.1733371,2,41.17961,-73.1874601
1698,41.1838671,-73.1542015,2,41.1774284,-73.1733371
1699,41.1867929,-73.1278284,2,41.1838671,-73.1542015
1700,41.2006308,-73.1128397,2,41.1867929,-73.1278284
1701,41.200304,-73.1105939,2,41.2006308,-73.1128397
1702,41.218983,-73.062998,2,41.200304,-73.1105939
1703,41.2223652,-73.0566868,2,41.218983,-73.062998
1704,41.2263028,-73.0565106,2,41.2223652,-73.0566868
1705,41.2321555,-73.0447383,2,41.2263028,-73.0565106
1706,41.2323605,-73.0444448,2,41.2321555,-73.0447383
1707,41.2974766,-72.9488685,2,41.2323605,-73.0444448
1708,41.2974993,-72.9478849,2,41.2974766,-72.9488685
1709,41.2979091,-72.9476747,2,41.2974993,-72.9478849
1710,41.3022087,-72.9324074,2,41.2979091,-72.9476747
1711,41.3073649,-72.928623,2,41.3022087,-72.9324074
1712,41.3073222,-72.9284558,2,41.3073649,-72.928623
1713,41.3083735,-72.9257002,2,41.3073222,-72.9284558
1714,41.3139327,-72.9215615,2,41.3083735,-72.9257002
1715,41.3355154,-72.9114273,2,41.3139327,-72.9215615
